brand,model,publisher,season,docId,page,model_year,source_file
Elan,Inverse,Blue Tomato,2004/05,blue-tomato-snowboardkatalog0405,15,2005,issuu-bluetomato-0405-confirmations.csv
Elan,Vertigo,Blue Tomato,2004/05,blue-tomato-snowboardkatalog0405,15,2005,issuu-bluetomato-0405-confirmations.csv
Elan,Answer,Blue Tomato,2004/05,blue-tomato-snowboardkatalog0405,15,2005,issuu-bluetomato-0405-confirmations.csv
Elan,Endless,Blue Tomato,2004/05,blue-tomato-snowboardkatalog0405,15,2005,issuu-bluetomato-0405-confirmations.csv
Salomon,Fastback,Blue Tomato,2004/05,blue-tomato-snowboardkatalog0405,21,2005,issuu-bluetomato-0405-confirmations.csv
Salomon,Forecast,Blue Tomato,2004/05,blue-tomato-snowboardkatalog0405,21,2005,issuu-bluetomato-0405-confirmations.csv
Salomon,Prospect,Blue Tomato,2004/05,blue-tomato-snowboardkatalog0405,21,2005,issuu-bluetomato-0405-confirmations.csv
Salomon,Ace,Blue Tomato,2004/05,blue-tomato-snowboardkatalog0405,21,2005,issuu-bluetomato-0405-confirmations.csv
Elan,Vertigo,Blue Tomato,2005/06,blue-tomato-snowboard-katalog0506,14,2006,issuu-bluetomato-0506-confirmations.csv
Elan,Ascent,Blue Tomato,2005/06,blue-tomato-snowboard-katalog0506,14,2006,issuu-bluetomato-0506-confirmations.csv
Elan,Endless,Blue Tomato,2005/06,blue-tomato-snowboard-katalog0506,14,2006,issuu-bluetomato-0506-confirmations.csv
Elan,Inverse,Blue Tomato,2005/06,blue-tomato-snowboard-katalog0506,14,2006,issuu-bluetomato-0506-confirmations.csv
Elan,Answer,Blue Tomato,2005/06,blue-tomato-snowboard-katalog0506,14,2006,issuu-bluetomato-0506-confirmations.csv
Elan,Prodigy,Blue Tomato,2005/06,blue-tomato-snowboard-katalog0506,14,2006,issuu-bluetomato-0506-confirmations.csv
Rome,Anthem,Blue Tomato,2005/06,blue-tomato-snowboard-katalog0506,19,2006,issuu-bluetomato-0506-confirmations.csv
Rome,Flag,Blue Tomato,2005/06,blue-tomato-snowboard-katalog0506,19,2006,issuu-bluetomato-0506-confirmations.csv
Salomon,Prospect LTD,Blue Tomato,2005/06,blue-tomato-snowboard-katalog0506,20,2006,issuu-bluetomato-0506-confirmations.csv
Salomon,Forecast,Blue Tomato,2005/06,blue-tomato-snowboard-katalog0506,20,2006,issuu-bluetomato-0506-confirmations.csv
Salomon,Burner,Blue Tomato,2005/06,blue-tomato-snowboard-katalog0506,20,2006,issuu-bluetomato-0506-confirmations.csv
Elan,Sense,Blue Tomato,2005/06,blue-tomato-snowboard-katalog0506,42,2006,issuu-bluetomato-0506-confirmations.csv
Elan,Trinity,Blue Tomato,2005/06,blue-tomato-snowboard-katalog0506,42,2006,issuu-bluetomato-0506-confirmations.csv
Burton,Elite,Blue Tomato,2006/07,blue-tomato-snowboardkatalog0607,7,2007,issuu-bluetomato-0607-confirmations.csv
Salomon,Burner,Blue Tomato,2006/07,blue-tomato-snowboardkatalog0607,11,2007,issuu-bluetomato-0607-confirmations.csv
Salomon,Prospect,Blue Tomato,2006/07,blue-tomato-snowboardkatalog0607,11,2007,issuu-bluetomato-0607-confirmations.csv
Salomon,Patrol,Blue Tomato,2006/07,blue-tomato-snowboardkatalog0607,11,2007,issuu-bluetomato-0607-confirmations.csv
Salomon,Special,Blue Tomato,2006/07,blue-tomato-snowboardkatalog0607,11,2007,issuu-bluetomato-0607-confirmations.csv
Salomon,Tempest,Blue Tomato,2006/07,blue-tomato-snowboardkatalog0607,11,2007,issuu-bluetomato-0607-confirmations.csv
Salomon,Scout,Blue Tomato,2006/07,blue-tomato-snowboardkatalog0607,11,2007,issuu-bluetomato-0607-confirmations.csv
Salomon,Arnie 5000,Blue Tomato,2006/07,blue-tomato-snowboardkatalog0607,11,2007,issuu-bluetomato-0607-confirmations.csv
Capita,Photo Fetish,Blue Tomato,2006/07,blue-tomato-snowboardkatalog0607,14,2007,issuu-bluetomato-0607-confirmations.csv
Elan,El Grande,Blue Tomato,2006/07,blue-tomato-snowboardkatalog0607,17,2007,issuu-bluetomato-0607-confirmations.csv
Elan,Vertigo,Blue Tomato,2006/07,blue-tomato-snowboardkatalog0607,17,2007,issuu-bluetomato-0607-confirmations.csv
Elan,Ascent,Blue Tomato,2006/07,blue-tomato-snowboardkatalog0607,17,2007,issuu-bluetomato-0607-confirmations.csv
Elan,Inverse,Blue Tomato,2006/07,blue-tomato-snowboardkatalog0607,17,2007,issuu-bluetomato-0607-confirmations.csv
Elan,Prodigy,Blue Tomato,2006/07,blue-tomato-snowboardkatalog0607,17,2007,issuu-bluetomato-0607-confirmations.csv
Rome,Anthem,Blue Tomato,2006/07,blue-tomato-snowboardkatalog0607,18,2007,issuu-bluetomato-0607-confirmations.csv
Rome,Solution,Blue Tomato,2006/07,blue-tomato-snowboardkatalog0607,18,2007,issuu-bluetomato-0607-confirmations.csv
Salomon,Ivy,Blue Tomato,2006/07,blue-tomato-snowboardkatalog0607,85,2007,issuu-bluetomato-0607-confirmations.csv
Rome,Detail,Blue Tomato,2006/07,blue-tomato-snowboardkatalog0607,86,2007,issuu-bluetomato-0607-confirmations.csv
Elan,Aurora,Blue Tomato,2006/07,blue-tomato-snowboardkatalog0607,86,2007,issuu-bluetomato-0607-confirmations.csv
Elan,Trinity,Blue Tomato,2006/07,blue-tomato-snowboardkatalog0607,86,2007,issuu-bluetomato-0607-confirmations.csv
Salomon,Burner,Blue Tomato,2007/08,blue-tomato-snowboardkatalog0708,10,2008,issuu-bluetomato-0708-confirmations.csv
Salomon,Special,Blue Tomato,2007/08,blue-tomato-snowboardkatalog0708,10,2008,issuu-bluetomato-0708-confirmations.csv
Salomon,Prospect,Blue Tomato,2007/08,blue-tomato-snowboardkatalog0708,10,2008,issuu-bluetomato-0708-confirmations.csv
Salomon,Patrol,Blue Tomato,2007/08,blue-tomato-snowboardkatalog0708,10,2008,issuu-bluetomato-0708-confirmations.csv
Salomon,Arnie 5000,Blue Tomato,2007/08,blue-tomato-snowboardkatalog0708,10,2008,issuu-bluetomato-0708-confirmations.csv
Salomon,Scout,Blue Tomato,2007/08,blue-tomato-snowboardkatalog0708,10,2008,issuu-bluetomato-0708-confirmations.csv
Salomon,Tracker,Blue Tomato,2007/08,blue-tomato-snowboardkatalog0708,10,2008,issuu-bluetomato-0708-confirmations.csv
Salomon,Sanchez,Blue Tomato,2007/08,blue-tomato-snowboardkatalog0708,10,2008,issuu-bluetomato-0708-confirmations.csv
Elan,Vertigo,Blue Tomato,2007/08,blue-tomato-snowboardkatalog0708,12,2008,issuu-bluetomato-0708-confirmations.csv
Elan,Inverse,Blue Tomato,2007/08,blue-tomato-snowboardkatalog0708,12,2008,issuu-bluetomato-0708-confirmations.csv
Elan,Answer,Blue Tomato,2007/08,blue-tomato-snowboardkatalog0708,12,2008,issuu-bluetomato-0708-confirmations.csv
Elan,El Grande,Blue Tomato,2007/08,blue-tomato-snowboardkatalog0708,12,2008,issuu-bluetomato-0708-confirmations.csv
Elan,Crest,Blue Tomato,2007/08,blue-tomato-snowboardkatalog0708,12,2008,issuu-bluetomato-0708-confirmations.csv
Rome,Anthem,Blue Tomato,2007/08,blue-tomato-snowboardkatalog0708,18,2008,issuu-bluetomato-0708-confirmations.csv
Rome,Graft,Blue Tomato,2007/08,blue-tomato-snowboardkatalog0708,18,2008,issuu-bluetomato-0708-confirmations.csv
Elan,Prodigy,Blue Tomato,2007/08,blue-tomato-snowboardkatalog0708,20,2008,issuu-bluetomato-0708-confirmations.csv
Elan,Trinity,Blue Tomato,2007/08,blue-tomato-snowboardkatalog0708,98,2008,issuu-bluetomato-0708-confirmations.csv
Elan,Aurora,Blue Tomato,2007/08,blue-tomato-snowboardkatalog0708,98,2008,issuu-bluetomato-0708-confirmations.csv
Salomon,Ivy,Blue Tomato,2007/08,blue-tomato-snowboardkatalog0708,101,2008,issuu-bluetomato-0708-confirmations.csv
Salomon,Radiant,Blue Tomato,2007/08,blue-tomato-snowboardkatalog0708,101,2008,issuu-bluetomato-0708-confirmations.csv
Rome,Detail,Blue Tomato,2007/08,blue-tomato-snowboardkatalog0708,101,2008,issuu-bluetomato-0708-confirmations.csv
Salomon,Sick Stick,Blue Tomato,2008/09,blue-tomato-snowboardkatalog0809,,2009,issuu-bluetomato-0809-confirmations.csv
Salomon,Official,Blue Tomato,2008/09,blue-tomato-snowboardkatalog0809,,2009,issuu-bluetomato-0809-confirmations.csv
Salomon,Burner,Blue Tomato,2008/09,blue-tomato-snowboardkatalog0809,,2009,issuu-bluetomato-0809-confirmations.csv
Salomon,Arnie 5000,Blue Tomato,2008/09,blue-tomato-snowboardkatalog0809,,2009,issuu-bluetomato-0809-confirmations.csv
Salomon,Special,Blue Tomato,2008/09,blue-tomato-snowboardkatalog0809,,2009,issuu-bluetomato-0809-confirmations.csv
Salomon,Riot,Blue Tomato,2008/09,blue-tomato-snowboardkatalog0809,,2009,issuu-bluetomato-0809-confirmations.csv
Salomon,Scout,Blue Tomato,2008/09,blue-tomato-snowboardkatalog0809,,2009,issuu-bluetomato-0809-confirmations.csv
Salomon,Sanchez,Blue Tomato,2008/09,blue-tomato-snowboardkatalog0809,,2009,issuu-bluetomato-0809-confirmations.csv
Elan,Vertigo,Blue Tomato,2008/09,blue-tomato-snowboardkatalog0809,,2009,issuu-bluetomato-0809-confirmations.csv
Elan,Inverse,Blue Tomato,2008/09,blue-tomato-snowboardkatalog0809,,2009,issuu-bluetomato-0809-confirmations.csv
Elan,Answer,Blue Tomato,2008/09,blue-tomato-snowboardkatalog0809,,2009,issuu-bluetomato-0809-confirmations.csv
Elan,El Grande,Blue Tomato,2008/09,blue-tomato-snowboardkatalog0809,,2009,issuu-bluetomato-0809-confirmations.csv
Elan,Prodigy,Blue Tomato,2008/09,blue-tomato-snowboardkatalog0809,,2009,issuu-bluetomato-0809-confirmations.csv
Rome,Graft,Blue Tomato,2008/09,blue-tomato-snowboardkatalog0809,,2009,issuu-bluetomato-0809-confirmations.csv
Rome,Crail,Blue Tomato,2008/09,blue-tomato-snowboardkatalog0809,,2009,issuu-bluetomato-0809-confirmations.csv
Elan,Aurora,Blue Tomato,2008/09,blue-tomato-snowboardkatalog0809,,2009,issuu-bluetomato-0809-confirmations.csv
Elan,LeeLoo,Blue Tomato,2008/09,blue-tomato-snowboardkatalog0809,,2009,issuu-bluetomato-0809-confirmations.csv
Rome,Detail,Blue Tomato,2008/09,blue-tomato-snowboardkatalog0809,,2009,issuu-bluetomato-0809-confirmations.csv
Salomon,Radiant,Blue Tomato,2008/09,blue-tomato-snowboardkatalog0809,,2009,issuu-bluetomato-0809-confirmations.csv
Salomon,Ivy,Blue Tomato,2008/09,blue-tomato-snowboardkatalog0809,,2009,issuu-bluetomato-0809-confirmations.csv
Salomon,Lily,Blue Tomato,2008/09,blue-tomato-snowboardkatalog0809,,2009,issuu-bluetomato-0809-confirmations.csv
Salomon,Burner,Blue Tomato,2009/10,blue-tomato-snowboardkatalog_0910,,2010,issuu-bluetomato-0910-confirmations.csv
Salomon,Special,Blue Tomato,2009/10,blue-tomato-snowboardkatalog_0910,,2010,issuu-bluetomato-0910-confirmations.csv
Salomon,Arnie 5000,Blue Tomato,2009/10,blue-tomato-snowboardkatalog_0910,,2010,issuu-bluetomato-0910-confirmations.csv
Salomon,Grip,Blue Tomato,2009/10,blue-tomato-snowboardkatalog_0910,,2010,issuu-bluetomato-0910-confirmations.csv
Salomon,Riot,Blue Tomato,2009/10,blue-tomato-snowboardkatalog_0910,,2010,issuu-bluetomato-0910-confirmations.csv
Salomon,Scout,Blue Tomato,2009/10,blue-tomato-snowboardkatalog_0910,,2010,issuu-bluetomato-0910-confirmations.csv
Salomon,Sanchez,Blue Tomato,2009/10,blue-tomato-snowboardkatalog_0910,,2010,issuu-bluetomato-0910-confirmations.csv
Salomon,Ace,Blue Tomato,2009/10,blue-tomato-snowboardkatalog_0910,,2010,issuu-bluetomato-0910-confirmations.csv
Rome,Postermania,Blue Tomato,2009/10,blue-tomato-snowboardkatalog_0910,,2010,issuu-bluetomato-0910-confirmations.csv
Rome,Graft,Blue Tomato,2009/10,blue-tomato-snowboardkatalog_0910,,2010,issuu-bluetomato-0910-confirmations.csv
Rome,Machine,Blue Tomato,2009/10,blue-tomato-snowboardkatalog_0910,,2010,issuu-bluetomato-0910-confirmations.csv
Rome,Manual,Blue Tomato,2009/10,blue-tomato-snowboardkatalog_0910,,2010,issuu-bluetomato-0910-confirmations.csv
Elan,Inverse,Blue Tomato,2009/10,blue-tomato-snowboardkatalog_0910,,2010,issuu-bluetomato-0910-confirmations.csv
Elan,Vertigo,Blue Tomato,2009/10,blue-tomato-snowboardkatalog_0910,,2010,issuu-bluetomato-0910-confirmations.csv
Elan,El Grande,Blue Tomato,2009/10,blue-tomato-snowboardkatalog_0910,,2010,issuu-bluetomato-0910-confirmations.csv
Elan,Answer,Blue Tomato,2009/10,blue-tomato-snowboardkatalog_0910,,2010,issuu-bluetomato-0910-confirmations.csv
Elan,Prodigy,Blue Tomato,2009/10,blue-tomato-snowboardkatalog_0910,,2010,issuu-bluetomato-0910-confirmations.csv
Elan,Aurora,Blue Tomato,2009/10,blue-tomato-snowboardkatalog_0910,,2010,issuu-bluetomato-0910-confirmations.csv
Rome,Lo-Fi,Blue Tomato,2009/10,blue-tomato-snowboardkatalog_0910,,2010,issuu-bluetomato-0910-confirmations.csv
Rome,Vinyl,Blue Tomato,2009/10,blue-tomato-snowboardkatalog_0910,,2010,issuu-bluetomato-0910-confirmations.csv
Salomon,Ivy,Blue Tomato,2009/10,blue-tomato-snowboardkatalog_0910,,2010,issuu-bluetomato-0910-confirmations.csv
Salomon,Radiant,Blue Tomato,2009/10,blue-tomato-snowboardkatalog_0910,,2010,issuu-bluetomato-0910-confirmations.csv
Rome,Mod,Blue Tomato,2015/16,blue-tomato_snowboard_katalog_16,,2016,issuu-bluetomato-1516-confirmations.csv
Rome,Reverb,Blue Tomato,2015/16,blue-tomato_snowboard_katalog_16,,2016,issuu-bluetomato-1516-confirmations.csv
Rome,Factory Rocker,Blue Tomato,2015/16,blue-tomato_snowboard_katalog_16,,2016,issuu-bluetomato-1516-confirmations.csv
Rome,Garage Rocker,Blue Tomato,2015/16,blue-tomato_snowboard_katalog_16,,2016,issuu-bluetomato-1516-confirmations.csv
Salomon,Man's Board,Blue Tomato,2015/16,blue-tomato_snowboard_katalog_16,,2016,issuu-bluetomato-1516-confirmations.csv
Salomon,Villain,Blue Tomato,2015/16,blue-tomato_snowboard_katalog_16,,2016,issuu-bluetomato-1516-confirmations.csv
Salomon,Salomonder,Blue Tomato,2015/16,blue-tomato_snowboard_katalog_16,,2016,issuu-bluetomato-1516-confirmations.csv
Salomon,Craft,Blue Tomato,2015/16,blue-tomato_snowboard_katalog_16,,2016,issuu-bluetomato-1516-confirmations.csv
Salomon,Sanchez,Blue Tomato,2015/16,blue-tomato_snowboard_katalog_16,,2016,issuu-bluetomato-1516-confirmations.csv
Salomon,Pulse,Blue Tomato,2015/16,blue-tomato_snowboard_katalog_16,,2016,issuu-bluetomato-1516-confirmations.csv
Capita,Space Metal Fantasy,Blue Tomato,2015/16,blue-tomato_snowboard_katalog_16,,2016,issuu-bluetomato-1516-confirmations.csv
Rome,Lo-Fi,Blue Tomato,2015/16,blue-tomato_snowboard_katalog_16,,2016,issuu-bluetomato-1516-confirmations.csv
Salomon,Gypsy,Blue Tomato,2015/16,blue-tomato_snowboard_katalog_16,,2016,issuu-bluetomato-1516-confirmations.csv
Salomon,Wonder,Blue Tomato,2015/16,blue-tomato_snowboard_katalog_16,,2016,issuu-bluetomato-1516-confirmations.csv
Salomon,Oh Yeah,Blue Tomato,2015/16,blue-tomato_snowboard_katalog_16,,2016,issuu-bluetomato-1516-confirmations.csv
Salomon,Lotus,Blue Tomato,2015/16,blue-tomato_snowboard_katalog_16,,2016,issuu-bluetomato-1516-confirmations.csv
Capita,Spring Break Slush Slasher,Blue Tomato,2016/17,blue-tomato_snowboard_katalog1617,,2017,issuu-bluetomato-1617-confirmations.csv
Salomon,Gypsy,Blue Tomato,2016/17,blue-tomato_snowboard_katalog1617,,2017,issuu-bluetomato-1617-confirmations.csv
Salomon,Wonder,Blue Tomato,2016/17,blue-tomato_snowboard_katalog1617,,2017,issuu-bluetomato-1617-confirmations.csv
Salomon,Oh Yeah,Blue Tomato,2016/17,blue-tomato_snowboard_katalog1617,,2017,issuu-bluetomato-1617-confirmations.csv
Salomon,Lotus,Blue Tomato,2016/17,blue-tomato_snowboard_katalog1617,,2017,issuu-bluetomato-1617-confirmations.csv
Capita,Space Metal Fantasy,Blue Tomato,2016/17,blue-tomato_snowboard_katalog1617,,2017,issuu-bluetomato-1617-confirmations.csv
Rome,Royal,Blue Tomato,2016/17,blue-tomato_snowboard_katalog1617,,2017,issuu-bluetomato-1617-confirmations.csv
Rome,Lo-Fi,Blue Tomato,2016/17,blue-tomato_snowboard_katalog1617,,2017,issuu-bluetomato-1617-confirmations.csv
Capita,Spring Break Slush Slasher,Blue Tomato,2018/19,blue-tomato-snowboard-catalogue-201,,2019,issuu-bluetomato-1819-confirmations.csv
Amplid,Milligram,Blue Tomato,2018/19,blue-tomato-snowboard-catalogue-201,,2019,issuu-bluetomato-1819-confirmations.csv
Salomon,Sight,Blue Tomato,2018/19,blue-tomato-snowboard-catalogue-201,,2019,issuu-bluetomato-1819-confirmations.csv
Salomon,Villain,Blue Tomato,2018/19,blue-tomato-snowboard-catalogue-201,,2019,issuu-bluetomato-1819-confirmations.csv
Capita,Spring Break Slush Slasher,Method Snowboard Magazine,2016/17 (17.1),buyers_guide_17.1_issuu,,2017,issuu-method-vol171-confirmations.csv
Salomon,Villain,Method Snowboard Magazine,2016/17 (17.1),buyers_guide_17.1_issuu,,2017,issuu-method-vol171-confirmations.csv
Capita,Spring Break Slush Slasher,Method Snowboard Magazine,2017/18 (18.1),181_boards_guide,,2018,issuu-method-vol181-confirmations.csv
Salomon,Villain,Method Snowboard Magazine,2017/18 (18.1),181_boards_guide,,2018,issuu-method-vol181-confirmations.csv
Salomon,Highpath,Method Snowboard Magazine,2022/23 (Vol 23),methodmag_23-product_guide-lo,,2023,issuu-method-vol23-confirmations.csv
Salomon,Abstract,Method Snowboard Magazine,2022/23 (Vol 23),methodmag_23-product_guide-lo,,2023,issuu-method-vol23-confirmations.csv
YES,Warca,Method Snowboard Magazine,2022/23 (Vol 23),methodmag_23-product_guide-lo,,2023,issuu-method-vol23-confirmations.csv
YES,Jackpot,Method Snowboard Magazine,2022/23 (Vol 23),methodmag_23-product_guide-lo,,2023,issuu-method-vol23-confirmations.csv
YES,Rival,Method Snowboard Magazine,2022/23 (Vol 23),methodmag_23-product_guide-lo,,2023,issuu-method-vol23-confirmations.csv
Rome,Stale Fish,Method Snowboard Magazine,2024/25 (Vol 24/25),method_vol_25-buyersguide-single_pages,,2025,issuu-method-vol2425-confirmations.csv
Rome,Hype,Method Snowboard Magazine,2024/25 (Vol 24/25),method_vol_25-buyersguide-single_pages,,2025,issuu-method-vol2425-confirmations.csv
Salomon,Rumble Fish,Method Snowboard Magazine,2024/25 (Vol 24/25),method_vol_25-buyersguide-single_pages,,2025,issuu-method-vol2425-confirmations.csv
Sims,Fakie,Method Snowboard Magazine,2024/25 (Vol 24/25),method_vol_25-buyersguide-single_pages,,2025,issuu-method-vol2425-confirmations.csv
YES,Shifter,Method Snowboard Magazine,2024/25 (Vol 24/25),method_vol_25-buyersguide-single_pages,,2025,issuu-method-vol2425-confirmations.csv
YES,Rival,Method Snowboard Magazine,2024/25 (Vol 24/25),method_vol_25-buyersguide-single_pages,,2025,issuu-method-vol2425-confirmations.csv
