table,row_id,old_url,new_url,status
results,mt-baker-legendary-banked-slalom--2016,(2016 division page),https://web.archive.org/web/20160226001055/http://lbs.mtbaker.us/index.php/results/Finals-results-Sunday/next-generation-juniors,repaired
results,mt-baker-legendary-banked-slalom--2016,(2016 division page),https://web.archive.org/web/20160226001055/http://lbs.mtbaker.us/index.php/results/Finals-results-Sunday/next-generation-juniors,repaired
results,mt-baker-legendary-banked-slalom--2016,(2016 division page),https://web.archive.org/web/20160226001055/http://lbs.mtbaker.us/index.php/results/Finals-results-Sunday/next-generation-juniors,repaired
results,mt-baker-legendary-banked-slalom--2016,(2016 division page),https://web.archive.org/web/20160226001055/http://lbs.mtbaker.us/index.php/results/Finals-results-Sunday/next-generation-juniors,repaired
results,mt-baker-legendary-banked-slalom--2016,(2016 division page),https://web.archive.org/web/20160226001055/http://lbs.mtbaker.us/index.php/results/Finals-results-Sunday/next-generation-juniors,repaired
results,mt-baker-legendary-banked-slalom--2016,(2016 division page),https://web.archive.org/web/20160226001055/http://lbs.mtbaker.us/index.php/results/Finals-results-Sunday/next-generation-juniors,repaired
results,mt-baker-legendary-banked-slalom--2016,(2016 division page),https://web.archive.org/web/20160226001055/http://lbs.mtbaker.us/index.php/results/Finals-results-Sunday/next-generation-juniors,repaired
results,mt-baker-legendary-banked-slalom--2016,(2016 division page),https://web.archive.org/web/20160226001055/http://lbs.mtbaker.us/index.php/results/Finals-results-Sunday/next-generation-juniors,repaired
results,mt-baker-legendary-banked-slalom--2016,(2016 division page),https://web.archive.org/web/20160226001055/http://lbs.mtbaker.us/index.php/results/Finals-results-Sunday/next-generation-juniors,repaired
results,mt-baker-legendary-banked-slalom--2016,(2016 division page),https://web.archive.org/web/20160226001055/http://lbs.mtbaker.us/index.php/results/Finals-results-Sunday/next-generation-juniors,repaired
results,mt-baker-legendary-banked-slalom--2016,(2016 division page),https://web.archive.org/web/20160226001055/http://lbs.mtbaker.us/index.php/results/Finals-results-Sunday/next-generation-juniors,repaired
results,mt-baker-legendary-banked-slalom--2016,(2016 division page),https://web.archive.org/web/20160226001055/http://lbs.mtbaker.us/index.php/results/Finals-results-Sunday/next-generation-juniors,repaired
results,us-open-snowboarding--1982,https://web.archive.org/web/20021202101735/http://usopen-snowboarding.com/history.asp?yearNum=1982,https://web.archive.org/web/20021214031222/http://usopen-snowboarding.com/history.asp?yearNum=1982,repaired
results,us-open-snowboarding--1982,https://web.archive.org/web/20021202101735/http://usopen-snowboarding.com/history.asp?yearNum=1982,https://web.archive.org/web/20021214031222/http://usopen-snowboarding.com/history.asp?yearNum=1982,repaired
results,us-open-snowboarding--1984,https://web.archive.org/web/20021202101735/http://usopen-snowboarding.com/history.asp?yearNum=1984,https://web.archive.org/web/20021202102446/http://usopen-snowboarding.com/history.asp?yearNum=1984,repaired
results,us-open-snowboarding--1984,https://web.archive.org/web/20021202101735/http://usopen-snowboarding.com/history.asp?yearNum=1984,https://web.archive.org/web/20021202102446/http://usopen-snowboarding.com/history.asp?yearNum=1984,repaired
results,us-open-snowboarding--1984,https://web.archive.org/web/20021202101735/http://usopen-snowboarding.com/history.asp?yearNum=1984,https://web.archive.org/web/20021202102446/http://usopen-snowboarding.com/history.asp?yearNum=1984,repaired
results,us-open-snowboarding--1984,https://web.archive.org/web/20021202101735/http://usopen-snowboarding.com/history.asp?yearNum=1984,https://web.archive.org/web/20021202102446/http://usopen-snowboarding.com/history.asp?yearNum=1984,repaired
results,us-open-snowboarding--1984,https://web.archive.org/web/20021202101735/http://usopen-snowboarding.com/history.asp?yearNum=1984,https://web.archive.org/web/20021202102446/http://usopen-snowboarding.com/history.asp?yearNum=1984,repaired
results,us-open-snowboarding--1984,https://web.archive.org/web/20021202101735/http://usopen-snowboarding.com/history.asp?yearNum=1984,https://web.archive.org/web/20021202102446/http://usopen-snowboarding.com/history.asp?yearNum=1984,repaired
results,us-open-snowboarding--1984,https://web.archive.org/web/20021202101735/http://usopen-snowboarding.com/history.asp?yearNum=1984,https://web.archive.org/web/20021202102446/http://usopen-snowboarding.com/history.asp?yearNum=1984,repaired
results,us-open-snowboarding--1984,https://web.archive.org/web/20021202101735/http://usopen-snowboarding.com/history.asp?yearNum=1984,https://web.archive.org/web/20021202102446/http://usopen-snowboarding.com/history.asp?yearNum=1984,repaired
results,us-open-snowboarding--1984,https://web.archive.org/web/20021202101735/http://usopen-snowboarding.com/history.asp?yearNum=1984,https://web.archive.org/web/20021202102446/http://usopen-snowboarding.com/history.asp?yearNum=1984,repaired
results,us-open-snowboarding--1984,https://web.archive.org/web/20021202101735/http://usopen-snowboarding.com/history.asp?yearNum=1984,https://web.archive.org/web/20021202102446/http://usopen-snowboarding.com/history.asp?yearNum=1984,repaired
results,us-open-snowboarding--1984,https://web.archive.org/web/20021202101735/http://usopen-snowboarding.com/history.asp?yearNum=1984,https://web.archive.org/web/20021202102446/http://usopen-snowboarding.com/history.asp?yearNum=1984,repaired
results,us-open-snowboarding--1984,https://web.archive.org/web/20021202101735/http://usopen-snowboarding.com/history.asp?yearNum=1984,https://web.archive.org/web/20021202102446/http://usopen-snowboarding.com/history.asp?yearNum=1984,repaired
results,us-open-snowboarding--1985,https://web.archive.org/web/20021202101735/http://usopen-snowboarding.com/history.asp?yearNum=1985,https://web.archive.org/web/20021202101659/http://usopen-snowboarding.com/history.asp?yearNum=1985,repaired
results,us-open-snowboarding--1985,https://web.archive.org/web/20021202101735/http://usopen-snowboarding.com/history.asp?yearNum=1985,https://web.archive.org/web/20021202101659/http://usopen-snowboarding.com/history.asp?yearNum=1985,repaired
results,us-open-snowboarding--1985,https://web.archive.org/web/20021202101735/http://usopen-snowboarding.com/history.asp?yearNum=1985,https://web.archive.org/web/20021202101659/http://usopen-snowboarding.com/history.asp?yearNum=1985,repaired
results,us-open-snowboarding--1985,https://web.archive.org/web/20021202101735/http://usopen-snowboarding.com/history.asp?yearNum=1985,https://web.archive.org/web/20021202101659/http://usopen-snowboarding.com/history.asp?yearNum=1985,repaired
results,us-open-snowboarding--1985,https://web.archive.org/web/20021202101735/http://usopen-snowboarding.com/history.asp?yearNum=1985,https://web.archive.org/web/20021202101659/http://usopen-snowboarding.com/history.asp?yearNum=1985,repaired
results,us-open-snowboarding--1985,https://web.archive.org/web/20021202101735/http://usopen-snowboarding.com/history.asp?yearNum=1985,https://web.archive.org/web/20021202101659/http://usopen-snowboarding.com/history.asp?yearNum=1985,repaired
results,us-open-snowboarding--1987,https://web.archive.org/web/20021202101735/http://usopen-snowboarding.com/history.asp?yearNum=1987,https://web.archive.org/web/20021202103432/http://usopen-snowboarding.com/history.asp?yearNum=1987,repaired
results,us-open-snowboarding--1987,https://web.archive.org/web/20021202101735/http://usopen-snowboarding.com/history.asp?yearNum=1987,https://web.archive.org/web/20021202103432/http://usopen-snowboarding.com/history.asp?yearNum=1987,repaired
results,us-open-snowboarding--1987,https://web.archive.org/web/20021202101735/http://usopen-snowboarding.com/history.asp?yearNum=1987,https://web.archive.org/web/20021202103432/http://usopen-snowboarding.com/history.asp?yearNum=1987,repaired
results,us-open-snowboarding--1987,https://web.archive.org/web/20021202101735/http://usopen-snowboarding.com/history.asp?yearNum=1987,https://web.archive.org/web/20021202103432/http://usopen-snowboarding.com/history.asp?yearNum=1987,repaired
results,us-open-snowboarding--1987,https://web.archive.org/web/20021202101735/http://usopen-snowboarding.com/history.asp?yearNum=1987,https://web.archive.org/web/20021202103432/http://usopen-snowboarding.com/history.asp?yearNum=1987,repaired
results,us-open-snowboarding--1987,https://web.archive.org/web/20021202101735/http://usopen-snowboarding.com/history.asp?yearNum=1987,https://web.archive.org/web/20021202103432/http://usopen-snowboarding.com/history.asp?yearNum=1987,repaired
results,us-open-snowboarding--1987,https://web.archive.org/web/20021202101735/http://usopen-snowboarding.com/history.asp?yearNum=1987,https://web.archive.org/web/20021202103432/http://usopen-snowboarding.com/history.asp?yearNum=1987,repaired
results,us-open-snowboarding--1987,https://web.archive.org/web/20021202101735/http://usopen-snowboarding.com/history.asp?yearNum=1987,https://web.archive.org/web/20021202103432/http://usopen-snowboarding.com/history.asp?yearNum=1987,repaired
results,us-open-snowboarding--1987,https://web.archive.org/web/20021202101735/http://usopen-snowboarding.com/history.asp?yearNum=1987,https://web.archive.org/web/20021202103432/http://usopen-snowboarding.com/history.asp?yearNum=1987,repaired
results,us-open-snowboarding--1987,https://web.archive.org/web/20021202101735/http://usopen-snowboarding.com/history.asp?yearNum=1987,https://web.archive.org/web/20021202103432/http://usopen-snowboarding.com/history.asp?yearNum=1987,repaired
results,us-open-snowboarding--1987,https://web.archive.org/web/20021202101735/http://usopen-snowboarding.com/history.asp?yearNum=1987,https://web.archive.org/web/20021202103432/http://usopen-snowboarding.com/history.asp?yearNum=1987,repaired
results,us-open-snowboarding--1987,https://web.archive.org/web/20021202101735/http://usopen-snowboarding.com/history.asp?yearNum=1987,https://web.archive.org/web/20021202103432/http://usopen-snowboarding.com/history.asp?yearNum=1987,repaired
results,us-open-snowboarding--1987,https://web.archive.org/web/20021202101735/http://usopen-snowboarding.com/history.asp?yearNum=1987,https://web.archive.org/web/20021202103432/http://usopen-snowboarding.com/history.asp?yearNum=1987,repaired
results,us-open-snowboarding--1987,https://web.archive.org/web/20021202101735/http://usopen-snowboarding.com/history.asp?yearNum=1987,https://web.archive.org/web/20021202103432/http://usopen-snowboarding.com/history.asp?yearNum=1987,repaired
results,us-open-snowboarding--1987,https://web.archive.org/web/20021202101735/http://usopen-snowboarding.com/history.asp?yearNum=1987,https://web.archive.org/web/20021202103432/http://usopen-snowboarding.com/history.asp?yearNum=1987,repaired
results,us-open-snowboarding--1987,https://web.archive.org/web/20021202101735/http://usopen-snowboarding.com/history.asp?yearNum=1987,https://web.archive.org/web/20021202103432/http://usopen-snowboarding.com/history.asp?yearNum=1987,repaired
results,us-open-snowboarding--1987,https://web.archive.org/web/20021202101735/http://usopen-snowboarding.com/history.asp?yearNum=1987,https://web.archive.org/web/20021202103432/http://usopen-snowboarding.com/history.asp?yearNum=1987,repaired
results,us-open-snowboarding--1987,https://web.archive.org/web/20021202101735/http://usopen-snowboarding.com/history.asp?yearNum=1987,https://web.archive.org/web/20021202103432/http://usopen-snowboarding.com/history.asp?yearNum=1987,repaired
results,us-open-snowboarding--1988,https://web.archive.org/web/20021202101735/http://usopen-snowboarding.com/history.asp?yearNum=1988,https://web.archive.org/web/20021202103907/http://usopen-snowboarding.com/history.asp?yearNum=1988,repaired
results,us-open-snowboarding--1988,https://web.archive.org/web/20021202101735/http://usopen-snowboarding.com/history.asp?yearNum=1988,https://web.archive.org/web/20021202103907/http://usopen-snowboarding.com/history.asp?yearNum=1988,repaired
results,us-open-snowboarding--1988,https://web.archive.org/web/20021202101735/http://usopen-snowboarding.com/history.asp?yearNum=1988,https://web.archive.org/web/20021202103907/http://usopen-snowboarding.com/history.asp?yearNum=1988,repaired
results,us-open-snowboarding--1988,https://web.archive.org/web/20021202101735/http://usopen-snowboarding.com/history.asp?yearNum=1988,https://web.archive.org/web/20021202103907/http://usopen-snowboarding.com/history.asp?yearNum=1988,repaired
results,us-open-snowboarding--1988,https://web.archive.org/web/20021202101735/http://usopen-snowboarding.com/history.asp?yearNum=1988,https://web.archive.org/web/20021202103907/http://usopen-snowboarding.com/history.asp?yearNum=1988,repaired
results,us-open-snowboarding--1988,https://web.archive.org/web/20021202101735/http://usopen-snowboarding.com/history.asp?yearNum=1988,https://web.archive.org/web/20021202103907/http://usopen-snowboarding.com/history.asp?yearNum=1988,repaired
results,us-open-snowboarding--1988,https://web.archive.org/web/20021202101735/http://usopen-snowboarding.com/history.asp?yearNum=1988,https://web.archive.org/web/20021202103907/http://usopen-snowboarding.com/history.asp?yearNum=1988,repaired
results,us-open-snowboarding--1988,https://web.archive.org/web/20021202101735/http://usopen-snowboarding.com/history.asp?yearNum=1988,https://web.archive.org/web/20021202103907/http://usopen-snowboarding.com/history.asp?yearNum=1988,repaired
results,us-open-snowboarding--1988,https://web.archive.org/web/20021202101735/http://usopen-snowboarding.com/history.asp?yearNum=1988,https://web.archive.org/web/20021202103907/http://usopen-snowboarding.com/history.asp?yearNum=1988,repaired
results,us-open-snowboarding--1988,https://web.archive.org/web/20021202101735/http://usopen-snowboarding.com/history.asp?yearNum=1988,https://web.archive.org/web/20021202103907/http://usopen-snowboarding.com/history.asp?yearNum=1988,repaired
results,us-open-snowboarding--1988,https://web.archive.org/web/20021202101735/http://usopen-snowboarding.com/history.asp?yearNum=1988,https://web.archive.org/web/20021202103907/http://usopen-snowboarding.com/history.asp?yearNum=1988,repaired
results,us-open-snowboarding--1988,https://web.archive.org/web/20021202101735/http://usopen-snowboarding.com/history.asp?yearNum=1988,https://web.archive.org/web/20021202103907/http://usopen-snowboarding.com/history.asp?yearNum=1988,repaired
results,us-open-snowboarding--1988,https://web.archive.org/web/20021202101735/http://usopen-snowboarding.com/history.asp?yearNum=1988,https://web.archive.org/web/20021202103907/http://usopen-snowboarding.com/history.asp?yearNum=1988,repaired
results,us-open-snowboarding--1988,https://web.archive.org/web/20021202101735/http://usopen-snowboarding.com/history.asp?yearNum=1988,https://web.archive.org/web/20021202103907/http://usopen-snowboarding.com/history.asp?yearNum=1988,repaired
results,us-open-snowboarding--1988,https://web.archive.org/web/20021202101735/http://usopen-snowboarding.com/history.asp?yearNum=1988,https://web.archive.org/web/20021202103907/http://usopen-snowboarding.com/history.asp?yearNum=1988,repaired
results,us-open-snowboarding--1988,https://web.archive.org/web/20021202101735/http://usopen-snowboarding.com/history.asp?yearNum=1988,https://web.archive.org/web/20021202103907/http://usopen-snowboarding.com/history.asp?yearNum=1988,repaired
results,us-open-snowboarding--1988,https://web.archive.org/web/20021202101735/http://usopen-snowboarding.com/history.asp?yearNum=1988,https://web.archive.org/web/20021202103907/http://usopen-snowboarding.com/history.asp?yearNum=1988,repaired
results,us-open-snowboarding--1988,https://web.archive.org/web/20021202101735/http://usopen-snowboarding.com/history.asp?yearNum=1988,https://web.archive.org/web/20021202103907/http://usopen-snowboarding.com/history.asp?yearNum=1988,repaired
results,us-open-snowboarding--1989,https://web.archive.org/web/20021202101735/http://usopen-snowboarding.com/history.asp?yearNum=1989,https://web.archive.org/web/20021202113930/http://usopen-snowboarding.com/history.asp?yearNum=1989,repaired
results,us-open-snowboarding--1989,https://web.archive.org/web/20021202101735/http://usopen-snowboarding.com/history.asp?yearNum=1989,https://web.archive.org/web/20021202113930/http://usopen-snowboarding.com/history.asp?yearNum=1989,repaired
results,us-open-snowboarding--1989,https://web.archive.org/web/20021202101735/http://usopen-snowboarding.com/history.asp?yearNum=1989,https://web.archive.org/web/20021202113930/http://usopen-snowboarding.com/history.asp?yearNum=1989,repaired
results,us-open-snowboarding--1989,https://web.archive.org/web/20021202101735/http://usopen-snowboarding.com/history.asp?yearNum=1989,https://web.archive.org/web/20021202113930/http://usopen-snowboarding.com/history.asp?yearNum=1989,repaired
results,us-open-snowboarding--1989,https://web.archive.org/web/20021202101735/http://usopen-snowboarding.com/history.asp?yearNum=1989,https://web.archive.org/web/20021202113930/http://usopen-snowboarding.com/history.asp?yearNum=1989,repaired
results,us-open-snowboarding--1989,https://web.archive.org/web/20021202101735/http://usopen-snowboarding.com/history.asp?yearNum=1989,https://web.archive.org/web/20021202113930/http://usopen-snowboarding.com/history.asp?yearNum=1989,repaired
results,us-open-snowboarding--1989,https://web.archive.org/web/20021202101735/http://usopen-snowboarding.com/history.asp?yearNum=1989,https://web.archive.org/web/20021202113930/http://usopen-snowboarding.com/history.asp?yearNum=1989,repaired
results,us-open-snowboarding--1989,https://web.archive.org/web/20021202101735/http://usopen-snowboarding.com/history.asp?yearNum=1989,https://web.archive.org/web/20021202113930/http://usopen-snowboarding.com/history.asp?yearNum=1989,repaired
results,us-open-snowboarding--1989,https://web.archive.org/web/20021202101735/http://usopen-snowboarding.com/history.asp?yearNum=1989,https://web.archive.org/web/20021202113930/http://usopen-snowboarding.com/history.asp?yearNum=1989,repaired
results,us-open-snowboarding--1989,https://web.archive.org/web/20021202101735/http://usopen-snowboarding.com/history.asp?yearNum=1989,https://web.archive.org/web/20021202113930/http://usopen-snowboarding.com/history.asp?yearNum=1989,repaired
results,us-open-snowboarding--1989,https://web.archive.org/web/20021202101735/http://usopen-snowboarding.com/history.asp?yearNum=1989,https://web.archive.org/web/20021202113930/http://usopen-snowboarding.com/history.asp?yearNum=1989,repaired
results,us-open-snowboarding--1989,https://web.archive.org/web/20021202101735/http://usopen-snowboarding.com/history.asp?yearNum=1989,https://web.archive.org/web/20021202113930/http://usopen-snowboarding.com/history.asp?yearNum=1989,repaired
results,us-open-snowboarding--1989,https://web.archive.org/web/20021202101735/http://usopen-snowboarding.com/history.asp?yearNum=1989,https://web.archive.org/web/20021202113930/http://usopen-snowboarding.com/history.asp?yearNum=1989,repaired
results,us-open-snowboarding--1989,https://web.archive.org/web/20021202101735/http://usopen-snowboarding.com/history.asp?yearNum=1989,https://web.archive.org/web/20021202113930/http://usopen-snowboarding.com/history.asp?yearNum=1989,repaired
results,us-open-snowboarding--1989,https://web.archive.org/web/20021202101735/http://usopen-snowboarding.com/history.asp?yearNum=1989,https://web.archive.org/web/20021202113930/http://usopen-snowboarding.com/history.asp?yearNum=1989,repaired
results,us-open-snowboarding--1989,https://web.archive.org/web/20021202101735/http://usopen-snowboarding.com/history.asp?yearNum=1989,https://web.archive.org/web/20021202113930/http://usopen-snowboarding.com/history.asp?yearNum=1989,repaired
results,us-open-snowboarding--1989,https://web.archive.org/web/20021202101735/http://usopen-snowboarding.com/history.asp?yearNum=1989,https://web.archive.org/web/20021202113930/http://usopen-snowboarding.com/history.asp?yearNum=1989,repaired
results,us-open-snowboarding--1989,https://web.archive.org/web/20021202101735/http://usopen-snowboarding.com/history.asp?yearNum=1989,https://web.archive.org/web/20021202113930/http://usopen-snowboarding.com/history.asp?yearNum=1989,repaired
results,us-open-snowboarding--1990,https://web.archive.org/web/20021202101735/http://usopen-snowboarding.com/history.asp?yearNum=1990,https://web.archive.org/web/20021202114404/http://usopen-snowboarding.com/history.asp?yearNum=1990,repaired
results,us-open-snowboarding--1990,https://web.archive.org/web/20021202101735/http://usopen-snowboarding.com/history.asp?yearNum=1990,https://web.archive.org/web/20021202114404/http://usopen-snowboarding.com/history.asp?yearNum=1990,repaired
results,us-open-snowboarding--1990,https://web.archive.org/web/20021202101735/http://usopen-snowboarding.com/history.asp?yearNum=1990,https://web.archive.org/web/20021202114404/http://usopen-snowboarding.com/history.asp?yearNum=1990,repaired
results,us-open-snowboarding--1990,https://web.archive.org/web/20021202101735/http://usopen-snowboarding.com/history.asp?yearNum=1990,https://web.archive.org/web/20021202114404/http://usopen-snowboarding.com/history.asp?yearNum=1990,repaired
results,us-open-snowboarding--1990,https://web.archive.org/web/20021202101735/http://usopen-snowboarding.com/history.asp?yearNum=1990,https://web.archive.org/web/20021202114404/http://usopen-snowboarding.com/history.asp?yearNum=1990,repaired
results,us-open-snowboarding--1990,https://web.archive.org/web/20021202101735/http://usopen-snowboarding.com/history.asp?yearNum=1990,https://web.archive.org/web/20021202114404/http://usopen-snowboarding.com/history.asp?yearNum=1990,repaired
results,us-open-snowboarding--1990,https://web.archive.org/web/20021202101735/http://usopen-snowboarding.com/history.asp?yearNum=1990,https://web.archive.org/web/20021202114404/http://usopen-snowboarding.com/history.asp?yearNum=1990,repaired
results,us-open-snowboarding--1990,https://web.archive.org/web/20021202101735/http://usopen-snowboarding.com/history.asp?yearNum=1990,https://web.archive.org/web/20021202114404/http://usopen-snowboarding.com/history.asp?yearNum=1990,repaired
results,us-open-snowboarding--1990,https://web.archive.org/web/20021202101735/http://usopen-snowboarding.com/history.asp?yearNum=1990,https://web.archive.org/web/20021202114404/http://usopen-snowboarding.com/history.asp?yearNum=1990,repaired
results,us-open-snowboarding--1990,https://web.archive.org/web/20021202101735/http://usopen-snowboarding.com/history.asp?yearNum=1990,https://web.archive.org/web/20021202114404/http://usopen-snowboarding.com/history.asp?yearNum=1990,repaired
results,us-open-snowboarding--1990,https://web.archive.org/web/20021202101735/http://usopen-snowboarding.com/history.asp?yearNum=1990,https://web.archive.org/web/20021202114404/http://usopen-snowboarding.com/history.asp?yearNum=1990,repaired
results,us-open-snowboarding--1990,https://web.archive.org/web/20021202101735/http://usopen-snowboarding.com/history.asp?yearNum=1990,https://web.archive.org/web/20021202114404/http://usopen-snowboarding.com/history.asp?yearNum=1990,repaired
results,us-open-snowboarding--1990,https://web.archive.org/web/20021202101735/http://usopen-snowboarding.com/history.asp?yearNum=1990,https://web.archive.org/web/20021202114404/http://usopen-snowboarding.com/history.asp?yearNum=1990,repaired
results,us-open-snowboarding--1990,https://web.archive.org/web/20021202101735/http://usopen-snowboarding.com/history.asp?yearNum=1990,https://web.archive.org/web/20021202114404/http://usopen-snowboarding.com/history.asp?yearNum=1990,repaired
results,us-open-snowboarding--1990,https://web.archive.org/web/20021202101735/http://usopen-snowboarding.com/history.asp?yearNum=1990,https://web.archive.org/web/20021202114404/http://usopen-snowboarding.com/history.asp?yearNum=1990,repaired
results,us-open-snowboarding--1990,https://web.archive.org/web/20021202101735/http://usopen-snowboarding.com/history.asp?yearNum=1990,https://web.archive.org/web/20021202114404/http://usopen-snowboarding.com/history.asp?yearNum=1990,repaired
results,us-open-snowboarding--1990,https://web.archive.org/web/20021202101735/http://usopen-snowboarding.com/history.asp?yearNum=1990,https://web.archive.org/web/20021202114404/http://usopen-snowboarding.com/history.asp?yearNum=1990,repaired
results,us-open-snowboarding--1990,https://web.archive.org/web/20021202101735/http://usopen-snowboarding.com/history.asp?yearNum=1990,https://web.archive.org/web/20021202114404/http://usopen-snowboarding.com/history.asp?yearNum=1990,repaired
results,us-open-snowboarding--1991,https://web.archive.org/web/20021202101735/http://usopen-snowboarding.com/history.asp?yearNum=1991,https://web.archive.org/web/20021202115040/http://usopen-snowboarding.com/history.asp?yearNum=1991,repaired
results,us-open-snowboarding--1991,https://web.archive.org/web/20021202101735/http://usopen-snowboarding.com/history.asp?yearNum=1991,https://web.archive.org/web/20021202115040/http://usopen-snowboarding.com/history.asp?yearNum=1991,repaired
results,us-open-snowboarding--1991,https://web.archive.org/web/20021202101735/http://usopen-snowboarding.com/history.asp?yearNum=1991,https://web.archive.org/web/20021202115040/http://usopen-snowboarding.com/history.asp?yearNum=1991,repaired
results,us-open-snowboarding--1991,https://web.archive.org/web/20021202101735/http://usopen-snowboarding.com/history.asp?yearNum=1991,https://web.archive.org/web/20021202115040/http://usopen-snowboarding.com/history.asp?yearNum=1991,repaired
results,us-open-snowboarding--1991,https://web.archive.org/web/20021202101735/http://usopen-snowboarding.com/history.asp?yearNum=1991,https://web.archive.org/web/20021202115040/http://usopen-snowboarding.com/history.asp?yearNum=1991,repaired
results,us-open-snowboarding--1991,https://web.archive.org/web/20021202101735/http://usopen-snowboarding.com/history.asp?yearNum=1991,https://web.archive.org/web/20021202115040/http://usopen-snowboarding.com/history.asp?yearNum=1991,repaired
results,us-open-snowboarding--1991,https://web.archive.org/web/20021202101735/http://usopen-snowboarding.com/history.asp?yearNum=1991,https://web.archive.org/web/20021202115040/http://usopen-snowboarding.com/history.asp?yearNum=1991,repaired
results,us-open-snowboarding--1991,https://web.archive.org/web/20021202101735/http://usopen-snowboarding.com/history.asp?yearNum=1991,https://web.archive.org/web/20021202115040/http://usopen-snowboarding.com/history.asp?yearNum=1991,repaired
results,us-open-snowboarding--1991,https://web.archive.org/web/20021202101735/http://usopen-snowboarding.com/history.asp?yearNum=1991,https://web.archive.org/web/20021202115040/http://usopen-snowboarding.com/history.asp?yearNum=1991,repaired
results,us-open-snowboarding--1991,https://web.archive.org/web/20021202101735/http://usopen-snowboarding.com/history.asp?yearNum=1991,https://web.archive.org/web/20021202115040/http://usopen-snowboarding.com/history.asp?yearNum=1991,repaired
results,us-open-snowboarding--1991,https://web.archive.org/web/20021202101735/http://usopen-snowboarding.com/history.asp?yearNum=1991,https://web.archive.org/web/20021202115040/http://usopen-snowboarding.com/history.asp?yearNum=1991,repaired
results,us-open-snowboarding--1991,https://web.archive.org/web/20021202101735/http://usopen-snowboarding.com/history.asp?yearNum=1991,https://web.archive.org/web/20021202115040/http://usopen-snowboarding.com/history.asp?yearNum=1991,repaired
results,us-open-snowboarding--1991,https://web.archive.org/web/20021202101735/http://usopen-snowboarding.com/history.asp?yearNum=1991,https://web.archive.org/web/20021202115040/http://usopen-snowboarding.com/history.asp?yearNum=1991,repaired
results,us-open-snowboarding--1991,https://web.archive.org/web/20021202101735/http://usopen-snowboarding.com/history.asp?yearNum=1991,https://web.archive.org/web/20021202115040/http://usopen-snowboarding.com/history.asp?yearNum=1991,repaired
results,us-open-snowboarding--1991,https://web.archive.org/web/20021202101735/http://usopen-snowboarding.com/history.asp?yearNum=1991,https://web.archive.org/web/20021202115040/http://usopen-snowboarding.com/history.asp?yearNum=1991,repaired
results,us-open-snowboarding--1991,https://web.archive.org/web/20021202101735/http://usopen-snowboarding.com/history.asp?yearNum=1991,https://web.archive.org/web/20021202115040/http://usopen-snowboarding.com/history.asp?yearNum=1991,repaired
results,us-open-snowboarding--1991,https://web.archive.org/web/20021202101735/http://usopen-snowboarding.com/history.asp?yearNum=1991,https://web.archive.org/web/20021202115040/http://usopen-snowboarding.com/history.asp?yearNum=1991,repaired
results,us-open-snowboarding--1991,https://web.archive.org/web/20021202101735/http://usopen-snowboarding.com/history.asp?yearNum=1991,https://web.archive.org/web/20021202115040/http://usopen-snowboarding.com/history.asp?yearNum=1991,repaired
results,us-open-snowboarding--1992,https://web.archive.org/web/20021202101735/http://usopen-snowboarding.com/history.asp?yearNum=1992,https://web.archive.org/web/20021202223750/http://usopen-snowboarding.com/history.asp?yearNum=1992,repaired
results,us-open-snowboarding--1992,https://web.archive.org/web/20021202101735/http://usopen-snowboarding.com/history.asp?yearNum=1992,https://web.archive.org/web/20021202223750/http://usopen-snowboarding.com/history.asp?yearNum=1992,repaired
results,us-open-snowboarding--1992,https://web.archive.org/web/20021202101735/http://usopen-snowboarding.com/history.asp?yearNum=1992,https://web.archive.org/web/20021202223750/http://usopen-snowboarding.com/history.asp?yearNum=1992,repaired
results,us-open-snowboarding--1992,https://web.archive.org/web/20021202101735/http://usopen-snowboarding.com/history.asp?yearNum=1992,https://web.archive.org/web/20021202223750/http://usopen-snowboarding.com/history.asp?yearNum=1992,repaired
results,us-open-snowboarding--1992,https://web.archive.org/web/20021202101735/http://usopen-snowboarding.com/history.asp?yearNum=1992,https://web.archive.org/web/20021202223750/http://usopen-snowboarding.com/history.asp?yearNum=1992,repaired
results,us-open-snowboarding--1992,https://web.archive.org/web/20021202101735/http://usopen-snowboarding.com/history.asp?yearNum=1992,https://web.archive.org/web/20021202223750/http://usopen-snowboarding.com/history.asp?yearNum=1992,repaired
results,us-open-snowboarding--1992,https://web.archive.org/web/20021202101735/http://usopen-snowboarding.com/history.asp?yearNum=1992,https://web.archive.org/web/20021202223750/http://usopen-snowboarding.com/history.asp?yearNum=1992,repaired
results,us-open-snowboarding--1992,https://web.archive.org/web/20021202101735/http://usopen-snowboarding.com/history.asp?yearNum=1992,https://web.archive.org/web/20021202223750/http://usopen-snowboarding.com/history.asp?yearNum=1992,repaired
results,us-open-snowboarding--1992,https://web.archive.org/web/20021202101735/http://usopen-snowboarding.com/history.asp?yearNum=1992,https://web.archive.org/web/20021202223750/http://usopen-snowboarding.com/history.asp?yearNum=1992,repaired
results,us-open-snowboarding--1992,https://web.archive.org/web/20021202101735/http://usopen-snowboarding.com/history.asp?yearNum=1992,https://web.archive.org/web/20021202223750/http://usopen-snowboarding.com/history.asp?yearNum=1992,repaired
results,us-open-snowboarding--1992,https://web.archive.org/web/20021202101735/http://usopen-snowboarding.com/history.asp?yearNum=1992,https://web.archive.org/web/20021202223750/http://usopen-snowboarding.com/history.asp?yearNum=1992,repaired
results,us-open-snowboarding--1992,https://web.archive.org/web/20021202101735/http://usopen-snowboarding.com/history.asp?yearNum=1992,https://web.archive.org/web/20021202223750/http://usopen-snowboarding.com/history.asp?yearNum=1992,repaired
results,us-open-snowboarding--1992,https://web.archive.org/web/20021202101735/http://usopen-snowboarding.com/history.asp?yearNum=1992,https://web.archive.org/web/20021202223750/http://usopen-snowboarding.com/history.asp?yearNum=1992,repaired
results,us-open-snowboarding--1992,https://web.archive.org/web/20021202101735/http://usopen-snowboarding.com/history.asp?yearNum=1992,https://web.archive.org/web/20021202223750/http://usopen-snowboarding.com/history.asp?yearNum=1992,repaired
results,us-open-snowboarding--1992,https://web.archive.org/web/20021202101735/http://usopen-snowboarding.com/history.asp?yearNum=1992,https://web.archive.org/web/20021202223750/http://usopen-snowboarding.com/history.asp?yearNum=1992,repaired
results,us-open-snowboarding--1992,https://web.archive.org/web/20021202101735/http://usopen-snowboarding.com/history.asp?yearNum=1992,https://web.archive.org/web/20021202223750/http://usopen-snowboarding.com/history.asp?yearNum=1992,repaired
results,us-open-snowboarding--1992,https://web.archive.org/web/20021202101735/http://usopen-snowboarding.com/history.asp?yearNum=1992,https://web.archive.org/web/20021202223750/http://usopen-snowboarding.com/history.asp?yearNum=1992,repaired
results,us-open-snowboarding--1992,https://web.archive.org/web/20021202101735/http://usopen-snowboarding.com/history.asp?yearNum=1992,https://web.archive.org/web/20021202223750/http://usopen-snowboarding.com/history.asp?yearNum=1992,repaired
results,us-open-snowboarding--1993,https://web.archive.org/web/20021202101735/http://usopen-snowboarding.com/history.asp?yearNum=1993,https://web.archive.org/web/20021012214813/http://usopen-snowboarding.com/history.asp?yearNum=1993,repaired
results,us-open-snowboarding--1993,https://web.archive.org/web/20021202101735/http://usopen-snowboarding.com/history.asp?yearNum=1993,https://web.archive.org/web/20021012214813/http://usopen-snowboarding.com/history.asp?yearNum=1993,repaired
results,us-open-snowboarding--1993,https://web.archive.org/web/20021202101735/http://usopen-snowboarding.com/history.asp?yearNum=1993,https://web.archive.org/web/20021012214813/http://usopen-snowboarding.com/history.asp?yearNum=1993,repaired
results,us-open-snowboarding--1993,https://web.archive.org/web/20021202101735/http://usopen-snowboarding.com/history.asp?yearNum=1993,https://web.archive.org/web/20021012214813/http://usopen-snowboarding.com/history.asp?yearNum=1993,repaired
results,us-open-snowboarding--1993,https://web.archive.org/web/20021202101735/http://usopen-snowboarding.com/history.asp?yearNum=1993,https://web.archive.org/web/20021012214813/http://usopen-snowboarding.com/history.asp?yearNum=1993,repaired
results,us-open-snowboarding--1993,https://web.archive.org/web/20021202101735/http://usopen-snowboarding.com/history.asp?yearNum=1993,https://web.archive.org/web/20021012214813/http://usopen-snowboarding.com/history.asp?yearNum=1993,repaired
results,us-open-snowboarding--1993,https://web.archive.org/web/20021202101735/http://usopen-snowboarding.com/history.asp?yearNum=1993,https://web.archive.org/web/20021012214813/http://usopen-snowboarding.com/history.asp?yearNum=1993,repaired
results,us-open-snowboarding--1993,https://web.archive.org/web/20021202101735/http://usopen-snowboarding.com/history.asp?yearNum=1993,https://web.archive.org/web/20021012214813/http://usopen-snowboarding.com/history.asp?yearNum=1993,repaired
results,us-open-snowboarding--1993,https://web.archive.org/web/20021202101735/http://usopen-snowboarding.com/history.asp?yearNum=1993,https://web.archive.org/web/20021012214813/http://usopen-snowboarding.com/history.asp?yearNum=1993,repaired
results,us-open-snowboarding--1993,https://web.archive.org/web/20021202101735/http://usopen-snowboarding.com/history.asp?yearNum=1993,https://web.archive.org/web/20021012214813/http://usopen-snowboarding.com/history.asp?yearNum=1993,repaired
results,us-open-snowboarding--1993,https://web.archive.org/web/20021202101735/http://usopen-snowboarding.com/history.asp?yearNum=1993,https://web.archive.org/web/20021012214813/http://usopen-snowboarding.com/history.asp?yearNum=1993,repaired
results,us-open-snowboarding--1993,https://web.archive.org/web/20021202101735/http://usopen-snowboarding.com/history.asp?yearNum=1993,https://web.archive.org/web/20021012214813/http://usopen-snowboarding.com/history.asp?yearNum=1993,repaired
results,us-open-snowboarding--1993,https://web.archive.org/web/20021202101735/http://usopen-snowboarding.com/history.asp?yearNum=1993,https://web.archive.org/web/20021012214813/http://usopen-snowboarding.com/history.asp?yearNum=1993,repaired
results,us-open-snowboarding--1993,https://web.archive.org/web/20021202101735/http://usopen-snowboarding.com/history.asp?yearNum=1993,https://web.archive.org/web/20021012214813/http://usopen-snowboarding.com/history.asp?yearNum=1993,repaired
results,us-open-snowboarding--1993,https://web.archive.org/web/20021202101735/http://usopen-snowboarding.com/history.asp?yearNum=1993,https://web.archive.org/web/20021012214813/http://usopen-snowboarding.com/history.asp?yearNum=1993,repaired
results,us-open-snowboarding--1993,https://web.archive.org/web/20021202101735/http://usopen-snowboarding.com/history.asp?yearNum=1993,https://web.archive.org/web/20021012214813/http://usopen-snowboarding.com/history.asp?yearNum=1993,repaired
results,us-open-snowboarding--1993,https://web.archive.org/web/20021202101735/http://usopen-snowboarding.com/history.asp?yearNum=1993,https://web.archive.org/web/20021012214813/http://usopen-snowboarding.com/history.asp?yearNum=1993,repaired
results,us-open-snowboarding--1993,https://web.archive.org/web/20021202101735/http://usopen-snowboarding.com/history.asp?yearNum=1993,https://web.archive.org/web/20021012214813/http://usopen-snowboarding.com/history.asp?yearNum=1993,repaired
results,us-open-snowboarding--1994,https://web.archive.org/web/20021202101735/http://usopen-snowboarding.com/history.asp?yearNum=1994,https://web.archive.org/web/20021202224040/http://usopen-snowboarding.com/history.asp?yearNum=1994,repaired
results,us-open-snowboarding--1994,https://web.archive.org/web/20021202101735/http://usopen-snowboarding.com/history.asp?yearNum=1994,https://web.archive.org/web/20021202224040/http://usopen-snowboarding.com/history.asp?yearNum=1994,repaired
results,us-open-snowboarding--1994,https://web.archive.org/web/20021202101735/http://usopen-snowboarding.com/history.asp?yearNum=1994,https://web.archive.org/web/20021202224040/http://usopen-snowboarding.com/history.asp?yearNum=1994,repaired
results,us-open-snowboarding--1994,https://web.archive.org/web/20021202101735/http://usopen-snowboarding.com/history.asp?yearNum=1994,https://web.archive.org/web/20021202224040/http://usopen-snowboarding.com/history.asp?yearNum=1994,repaired
results,us-open-snowboarding--1994,https://web.archive.org/web/20021202101735/http://usopen-snowboarding.com/history.asp?yearNum=1994,https://web.archive.org/web/20021202224040/http://usopen-snowboarding.com/history.asp?yearNum=1994,repaired
results,us-open-snowboarding--1994,https://web.archive.org/web/20021202101735/http://usopen-snowboarding.com/history.asp?yearNum=1994,https://web.archive.org/web/20021202224040/http://usopen-snowboarding.com/history.asp?yearNum=1994,repaired
results,us-open-snowboarding--1994,https://web.archive.org/web/20021202101735/http://usopen-snowboarding.com/history.asp?yearNum=1994,https://web.archive.org/web/20021202224040/http://usopen-snowboarding.com/history.asp?yearNum=1994,repaired
results,us-open-snowboarding--1994,https://web.archive.org/web/20021202101735/http://usopen-snowboarding.com/history.asp?yearNum=1994,https://web.archive.org/web/20021202224040/http://usopen-snowboarding.com/history.asp?yearNum=1994,repaired
results,us-open-snowboarding--1994,https://web.archive.org/web/20021202101735/http://usopen-snowboarding.com/history.asp?yearNum=1994,https://web.archive.org/web/20021202224040/http://usopen-snowboarding.com/history.asp?yearNum=1994,repaired
results,us-open-snowboarding--1994,https://web.archive.org/web/20021202101735/http://usopen-snowboarding.com/history.asp?yearNum=1994,https://web.archive.org/web/20021202224040/http://usopen-snowboarding.com/history.asp?yearNum=1994,repaired
results,us-open-snowboarding--1994,https://web.archive.org/web/20021202101735/http://usopen-snowboarding.com/history.asp?yearNum=1994,https://web.archive.org/web/20021202224040/http://usopen-snowboarding.com/history.asp?yearNum=1994,repaired
results,us-open-snowboarding--1994,https://web.archive.org/web/20021202101735/http://usopen-snowboarding.com/history.asp?yearNum=1994,https://web.archive.org/web/20021202224040/http://usopen-snowboarding.com/history.asp?yearNum=1994,repaired
results,us-open-snowboarding--1995,https://web.archive.org/web/20021202101735/http://usopen-snowboarding.com/history.asp?yearNum=1995,https://web.archive.org/web/20021202225609/http://usopen-snowboarding.com/history.asp?yearNum=1995,repaired
results,us-open-snowboarding--1995,https://web.archive.org/web/20021202101735/http://usopen-snowboarding.com/history.asp?yearNum=1995,https://web.archive.org/web/20021202225609/http://usopen-snowboarding.com/history.asp?yearNum=1995,repaired
results,us-open-snowboarding--1995,https://web.archive.org/web/20021202101735/http://usopen-snowboarding.com/history.asp?yearNum=1995,https://web.archive.org/web/20021202225609/http://usopen-snowboarding.com/history.asp?yearNum=1995,repaired
results,us-open-snowboarding--1995,https://web.archive.org/web/20021202101735/http://usopen-snowboarding.com/history.asp?yearNum=1995,https://web.archive.org/web/20021202225609/http://usopen-snowboarding.com/history.asp?yearNum=1995,repaired
results,us-open-snowboarding--1995,https://web.archive.org/web/20021202101735/http://usopen-snowboarding.com/history.asp?yearNum=1995,https://web.archive.org/web/20021202225609/http://usopen-snowboarding.com/history.asp?yearNum=1995,repaired
results,us-open-snowboarding--1995,https://web.archive.org/web/20021202101735/http://usopen-snowboarding.com/history.asp?yearNum=1995,https://web.archive.org/web/20021202225609/http://usopen-snowboarding.com/history.asp?yearNum=1995,repaired
results,us-open-snowboarding--1995,https://web.archive.org/web/20021202101735/http://usopen-snowboarding.com/history.asp?yearNum=1995,https://web.archive.org/web/20021202225609/http://usopen-snowboarding.com/history.asp?yearNum=1995,repaired
results,us-open-snowboarding--1995,https://web.archive.org/web/20021202101735/http://usopen-snowboarding.com/history.asp?yearNum=1995,https://web.archive.org/web/20021202225609/http://usopen-snowboarding.com/history.asp?yearNum=1995,repaired
results,us-open-snowboarding--1995,https://web.archive.org/web/20021202101735/http://usopen-snowboarding.com/history.asp?yearNum=1995,https://web.archive.org/web/20021202225609/http://usopen-snowboarding.com/history.asp?yearNum=1995,repaired
results,us-open-snowboarding--1995,https://web.archive.org/web/20021202101735/http://usopen-snowboarding.com/history.asp?yearNum=1995,https://web.archive.org/web/20021202225609/http://usopen-snowboarding.com/history.asp?yearNum=1995,repaired
results,us-open-snowboarding--1995,https://web.archive.org/web/20021202101735/http://usopen-snowboarding.com/history.asp?yearNum=1995,https://web.archive.org/web/20021202225609/http://usopen-snowboarding.com/history.asp?yearNum=1995,repaired
results,us-open-snowboarding--1995,https://web.archive.org/web/20021202101735/http://usopen-snowboarding.com/history.asp?yearNum=1995,https://web.archive.org/web/20021202225609/http://usopen-snowboarding.com/history.asp?yearNum=1995,repaired
results,us-open-snowboarding--1995,https://web.archive.org/web/20021202101735/http://usopen-snowboarding.com/history.asp?yearNum=1995,https://web.archive.org/web/20021202225609/http://usopen-snowboarding.com/history.asp?yearNum=1995,repaired
results,us-open-snowboarding--1995,https://web.archive.org/web/20021202101735/http://usopen-snowboarding.com/history.asp?yearNum=1995,https://web.archive.org/web/20021202225609/http://usopen-snowboarding.com/history.asp?yearNum=1995,repaired
results,us-open-snowboarding--1995,https://web.archive.org/web/20021202101735/http://usopen-snowboarding.com/history.asp?yearNum=1995,https://web.archive.org/web/20021202225609/http://usopen-snowboarding.com/history.asp?yearNum=1995,repaired
results,us-open-snowboarding--1995,https://web.archive.org/web/20021202101735/http://usopen-snowboarding.com/history.asp?yearNum=1995,https://web.archive.org/web/20021202225609/http://usopen-snowboarding.com/history.asp?yearNum=1995,repaired
results,us-open-snowboarding--1995,https://web.archive.org/web/20021202101735/http://usopen-snowboarding.com/history.asp?yearNum=1995,https://web.archive.org/web/20021202225609/http://usopen-snowboarding.com/history.asp?yearNum=1995,repaired
results,us-open-snowboarding--1995,https://web.archive.org/web/20021202101735/http://usopen-snowboarding.com/history.asp?yearNum=1995,https://web.archive.org/web/20021202225609/http://usopen-snowboarding.com/history.asp?yearNum=1995,repaired
results,us-open-snowboarding--1995,https://web.archive.org/web/20021202101735/http://usopen-snowboarding.com/history.asp?yearNum=1995,https://web.archive.org/web/20021202225609/http://usopen-snowboarding.com/history.asp?yearNum=1995,repaired
results,us-open-snowboarding--1995,https://web.archive.org/web/20021202101735/http://usopen-snowboarding.com/history.asp?yearNum=1995,https://web.archive.org/web/20021202225609/http://usopen-snowboarding.com/history.asp?yearNum=1995,repaired
results,us-open-snowboarding--1995,https://web.archive.org/web/20021202101735/http://usopen-snowboarding.com/history.asp?yearNum=1995,https://web.archive.org/web/20021202225609/http://usopen-snowboarding.com/history.asp?yearNum=1995,repaired
results,us-open-snowboarding--1996,https://web.archive.org/web/20021202101735/http://usopen-snowboarding.com/history.asp?yearNum=1996,https://web.archive.org/web/20021202230845/http://usopen-snowboarding.com/history.asp?yearNum=1996,repaired
results,us-open-snowboarding--1996,https://web.archive.org/web/20021202101735/http://usopen-snowboarding.com/history.asp?yearNum=1996,https://web.archive.org/web/20021202230845/http://usopen-snowboarding.com/history.asp?yearNum=1996,repaired
results,us-open-snowboarding--1996,https://web.archive.org/web/20021202101735/http://usopen-snowboarding.com/history.asp?yearNum=1996,https://web.archive.org/web/20021202230845/http://usopen-snowboarding.com/history.asp?yearNum=1996,repaired
results,us-open-snowboarding--1996,https://web.archive.org/web/20021202101735/http://usopen-snowboarding.com/history.asp?yearNum=1996,https://web.archive.org/web/20021202230845/http://usopen-snowboarding.com/history.asp?yearNum=1996,repaired
results,us-open-snowboarding--1996,https://web.archive.org/web/20021202101735/http://usopen-snowboarding.com/history.asp?yearNum=1996,https://web.archive.org/web/20021202230845/http://usopen-snowboarding.com/history.asp?yearNum=1996,repaired
results,us-open-snowboarding--1996,https://web.archive.org/web/20021202101735/http://usopen-snowboarding.com/history.asp?yearNum=1996,https://web.archive.org/web/20021202230845/http://usopen-snowboarding.com/history.asp?yearNum=1996,repaired
results,us-open-snowboarding--1996,https://web.archive.org/web/20021202101735/http://usopen-snowboarding.com/history.asp?yearNum=1996,https://web.archive.org/web/20021202230845/http://usopen-snowboarding.com/history.asp?yearNum=1996,repaired
results,us-open-snowboarding--1996,https://web.archive.org/web/20021202101735/http://usopen-snowboarding.com/history.asp?yearNum=1996,https://web.archive.org/web/20021202230845/http://usopen-snowboarding.com/history.asp?yearNum=1996,repaired
results,us-open-snowboarding--1996,https://web.archive.org/web/20021202101735/http://usopen-snowboarding.com/history.asp?yearNum=1996,https://web.archive.org/web/20021202230845/http://usopen-snowboarding.com/history.asp?yearNum=1996,repaired
results,us-open-snowboarding--1996,https://web.archive.org/web/20021202101735/http://usopen-snowboarding.com/history.asp?yearNum=1996,https://web.archive.org/web/20021202230845/http://usopen-snowboarding.com/history.asp?yearNum=1996,repaired
results,us-open-snowboarding--1996,https://web.archive.org/web/20021202101735/http://usopen-snowboarding.com/history.asp?yearNum=1996,https://web.archive.org/web/20021202230845/http://usopen-snowboarding.com/history.asp?yearNum=1996,repaired
results,us-open-snowboarding--1996,https://web.archive.org/web/20021202101735/http://usopen-snowboarding.com/history.asp?yearNum=1996,https://web.archive.org/web/20021202230845/http://usopen-snowboarding.com/history.asp?yearNum=1996,repaired
results,us-open-snowboarding--1996,https://web.archive.org/web/20021202101735/http://usopen-snowboarding.com/history.asp?yearNum=1996,https://web.archive.org/web/20021202230845/http://usopen-snowboarding.com/history.asp?yearNum=1996,repaired
results,us-open-snowboarding--1996,https://web.archive.org/web/20021202101735/http://usopen-snowboarding.com/history.asp?yearNum=1996,https://web.archive.org/web/20021202230845/http://usopen-snowboarding.com/history.asp?yearNum=1996,repaired
results,us-open-snowboarding--1996,https://web.archive.org/web/20021202101735/http://usopen-snowboarding.com/history.asp?yearNum=1996,https://web.archive.org/web/20021202230845/http://usopen-snowboarding.com/history.asp?yearNum=1996,repaired
results,us-open-snowboarding--1996,https://web.archive.org/web/20021202101735/http://usopen-snowboarding.com/history.asp?yearNum=1996,https://web.archive.org/web/20021202230845/http://usopen-snowboarding.com/history.asp?yearNum=1996,repaired
results,us-open-snowboarding--1996,https://web.archive.org/web/20021202101735/http://usopen-snowboarding.com/history.asp?yearNum=1996,https://web.archive.org/web/20021202230845/http://usopen-snowboarding.com/history.asp?yearNum=1996,repaired
results,us-open-snowboarding--1996,https://web.archive.org/web/20021202101735/http://usopen-snowboarding.com/history.asp?yearNum=1996,https://web.archive.org/web/20021202230845/http://usopen-snowboarding.com/history.asp?yearNum=1996,repaired
results,us-open-snowboarding--1996,https://web.archive.org/web/20021202101735/http://usopen-snowboarding.com/history.asp?yearNum=1996,https://web.archive.org/web/20021202230845/http://usopen-snowboarding.com/history.asp?yearNum=1996,repaired
results,us-open-snowboarding--1996,https://web.archive.org/web/20021202101735/http://usopen-snowboarding.com/history.asp?yearNum=1996,https://web.archive.org/web/20021202230845/http://usopen-snowboarding.com/history.asp?yearNum=1996,repaired
results,us-open-snowboarding--1996,https://web.archive.org/web/20021202101735/http://usopen-snowboarding.com/history.asp?yearNum=1996,https://web.archive.org/web/20021202230845/http://usopen-snowboarding.com/history.asp?yearNum=1996,repaired
results,us-open-snowboarding--1996,https://web.archive.org/web/20021202101735/http://usopen-snowboarding.com/history.asp?yearNum=1996,https://web.archive.org/web/20021202230845/http://usopen-snowboarding.com/history.asp?yearNum=1996,repaired
results,us-open-snowboarding--1996,https://web.archive.org/web/20021202101735/http://usopen-snowboarding.com/history.asp?yearNum=1996,https://web.archive.org/web/20021202230845/http://usopen-snowboarding.com/history.asp?yearNum=1996,repaired
results,us-open-snowboarding--1996,https://web.archive.org/web/20021202101735/http://usopen-snowboarding.com/history.asp?yearNum=1996,https://web.archive.org/web/20021202230845/http://usopen-snowboarding.com/history.asp?yearNum=1996,repaired
results,us-open-snowboarding--1996,https://web.archive.org/web/20021202101735/http://usopen-snowboarding.com/history.asp?yearNum=1996,https://web.archive.org/web/20021202230845/http://usopen-snowboarding.com/history.asp?yearNum=1996,repaired
results,us-open-snowboarding--1996,https://web.archive.org/web/20021202101735/http://usopen-snowboarding.com/history.asp?yearNum=1996,https://web.archive.org/web/20021202230845/http://usopen-snowboarding.com/history.asp?yearNum=1996,repaired
results,us-open-snowboarding--1996,https://web.archive.org/web/20021202101735/http://usopen-snowboarding.com/history.asp?yearNum=1996,https://web.archive.org/web/20021202230845/http://usopen-snowboarding.com/history.asp?yearNum=1996,repaired
results,us-open-snowboarding--1996,https://web.archive.org/web/20021202101735/http://usopen-snowboarding.com/history.asp?yearNum=1996,https://web.archive.org/web/20021202230845/http://usopen-snowboarding.com/history.asp?yearNum=1996,repaired
results,us-open-snowboarding--1996,https://web.archive.org/web/20021202101735/http://usopen-snowboarding.com/history.asp?yearNum=1996,https://web.archive.org/web/20021202230845/http://usopen-snowboarding.com/history.asp?yearNum=1996,repaired
results,us-open-snowboarding--1996,https://web.archive.org/web/20021202101735/http://usopen-snowboarding.com/history.asp?yearNum=1996,https://web.archive.org/web/20021202230845/http://usopen-snowboarding.com/history.asp?yearNum=1996,repaired
results,us-open-snowboarding--1997,https://web.archive.org/web/20021202101735/http://usopen-snowboarding.com/history.asp?yearNum=1997,https://web.archive.org/web/20021202230651/http://usopen-snowboarding.com/history.asp?yearNum=1997,repaired
results,us-open-snowboarding--1997,https://web.archive.org/web/20021202101735/http://usopen-snowboarding.com/history.asp?yearNum=1997,https://web.archive.org/web/20021202230651/http://usopen-snowboarding.com/history.asp?yearNum=1997,repaired
results,us-open-snowboarding--1997,https://web.archive.org/web/20021202101735/http://usopen-snowboarding.com/history.asp?yearNum=1997,https://web.archive.org/web/20021202230651/http://usopen-snowboarding.com/history.asp?yearNum=1997,repaired
results,us-open-snowboarding--1997,https://web.archive.org/web/20021202101735/http://usopen-snowboarding.com/history.asp?yearNum=1997,https://web.archive.org/web/20021202230651/http://usopen-snowboarding.com/history.asp?yearNum=1997,repaired
results,us-open-snowboarding--1997,https://web.archive.org/web/20021202101735/http://usopen-snowboarding.com/history.asp?yearNum=1997,https://web.archive.org/web/20021202230651/http://usopen-snowboarding.com/history.asp?yearNum=1997,repaired
results,us-open-snowboarding--1997,https://web.archive.org/web/20021202101735/http://usopen-snowboarding.com/history.asp?yearNum=1997,https://web.archive.org/web/20021202230651/http://usopen-snowboarding.com/history.asp?yearNum=1997,repaired
results,us-open-snowboarding--1997,https://web.archive.org/web/20021202101735/http://usopen-snowboarding.com/history.asp?yearNum=1997,https://web.archive.org/web/20021202230651/http://usopen-snowboarding.com/history.asp?yearNum=1997,repaired
results,us-open-snowboarding--1997,https://web.archive.org/web/20021202101735/http://usopen-snowboarding.com/history.asp?yearNum=1997,https://web.archive.org/web/20021202230651/http://usopen-snowboarding.com/history.asp?yearNum=1997,repaired
results,us-open-snowboarding--1997,https://web.archive.org/web/20021202101735/http://usopen-snowboarding.com/history.asp?yearNum=1997,https://web.archive.org/web/20021202230651/http://usopen-snowboarding.com/history.asp?yearNum=1997,repaired
results,us-open-snowboarding--1997,https://web.archive.org/web/20021202101735/http://usopen-snowboarding.com/history.asp?yearNum=1997,https://web.archive.org/web/20021202230651/http://usopen-snowboarding.com/history.asp?yearNum=1997,repaired
results,us-open-snowboarding--1997,https://web.archive.org/web/20021202101735/http://usopen-snowboarding.com/history.asp?yearNum=1997,https://web.archive.org/web/20021202230651/http://usopen-snowboarding.com/history.asp?yearNum=1997,repaired
results,us-open-snowboarding--1997,https://web.archive.org/web/20021202101735/http://usopen-snowboarding.com/history.asp?yearNum=1997,https://web.archive.org/web/20021202230651/http://usopen-snowboarding.com/history.asp?yearNum=1997,repaired
results,us-open-snowboarding--1997,https://web.archive.org/web/20021202101735/http://usopen-snowboarding.com/history.asp?yearNum=1997,https://web.archive.org/web/20021202230651/http://usopen-snowboarding.com/history.asp?yearNum=1997,repaired
results,us-open-snowboarding--1997,https://web.archive.org/web/20021202101735/http://usopen-snowboarding.com/history.asp?yearNum=1997,https://web.archive.org/web/20021202230651/http://usopen-snowboarding.com/history.asp?yearNum=1997,repaired
results,us-open-snowboarding--1997,https://web.archive.org/web/20021202101735/http://usopen-snowboarding.com/history.asp?yearNum=1997,https://web.archive.org/web/20021202230651/http://usopen-snowboarding.com/history.asp?yearNum=1997,repaired
results,us-open-snowboarding--1997,https://web.archive.org/web/20021202101735/http://usopen-snowboarding.com/history.asp?yearNum=1997,https://web.archive.org/web/20021202230651/http://usopen-snowboarding.com/history.asp?yearNum=1997,repaired
results,us-open-snowboarding--1997,https://web.archive.org/web/20021202101735/http://usopen-snowboarding.com/history.asp?yearNum=1997,https://web.archive.org/web/20021202230651/http://usopen-snowboarding.com/history.asp?yearNum=1997,repaired
results,us-open-snowboarding--1997,https://web.archive.org/web/20021202101735/http://usopen-snowboarding.com/history.asp?yearNum=1997,https://web.archive.org/web/20021202230651/http://usopen-snowboarding.com/history.asp?yearNum=1997,repaired
results,us-open-snowboarding--1997,https://web.archive.org/web/20021202101735/http://usopen-snowboarding.com/history.asp?yearNum=1997,https://web.archive.org/web/20021202230651/http://usopen-snowboarding.com/history.asp?yearNum=1997,repaired
results,us-open-snowboarding--1997,https://web.archive.org/web/20021202101735/http://usopen-snowboarding.com/history.asp?yearNum=1997,https://web.archive.org/web/20021202230651/http://usopen-snowboarding.com/history.asp?yearNum=1997,repaired
results,us-open-snowboarding--1997,https://web.archive.org/web/20021202101735/http://usopen-snowboarding.com/history.asp?yearNum=1997,https://web.archive.org/web/20021202230651/http://usopen-snowboarding.com/history.asp?yearNum=1997,repaired
results,us-open-snowboarding--1997,https://web.archive.org/web/20021202101735/http://usopen-snowboarding.com/history.asp?yearNum=1997,https://web.archive.org/web/20021202230651/http://usopen-snowboarding.com/history.asp?yearNum=1997,repaired
results,us-open-snowboarding--1997,https://web.archive.org/web/20021202101735/http://usopen-snowboarding.com/history.asp?yearNum=1997,https://web.archive.org/web/20021202230651/http://usopen-snowboarding.com/history.asp?yearNum=1997,repaired
results,us-open-snowboarding--1997,https://web.archive.org/web/20021202101735/http://usopen-snowboarding.com/history.asp?yearNum=1997,https://web.archive.org/web/20021202230651/http://usopen-snowboarding.com/history.asp?yearNum=1997,repaired
results,us-open-snowboarding--1997,https://web.archive.org/web/20021202101735/http://usopen-snowboarding.com/history.asp?yearNum=1997,https://web.archive.org/web/20021202230651/http://usopen-snowboarding.com/history.asp?yearNum=1997,repaired
results,us-open-snowboarding--1997,https://web.archive.org/web/20021202101735/http://usopen-snowboarding.com/history.asp?yearNum=1997,https://web.archive.org/web/20021202230651/http://usopen-snowboarding.com/history.asp?yearNum=1997,repaired
results,us-open-snowboarding--1997,https://web.archive.org/web/20021202101735/http://usopen-snowboarding.com/history.asp?yearNum=1997,https://web.archive.org/web/20021202230651/http://usopen-snowboarding.com/history.asp?yearNum=1997,repaired
results,us-open-snowboarding--1997,https://web.archive.org/web/20021202101735/http://usopen-snowboarding.com/history.asp?yearNum=1997,https://web.archive.org/web/20021202230651/http://usopen-snowboarding.com/history.asp?yearNum=1997,repaired
results,us-open-snowboarding--1997,https://web.archive.org/web/20021202101735/http://usopen-snowboarding.com/history.asp?yearNum=1997,https://web.archive.org/web/20021202230651/http://usopen-snowboarding.com/history.asp?yearNum=1997,repaired
results,us-open-snowboarding--1997,https://web.archive.org/web/20021202101735/http://usopen-snowboarding.com/history.asp?yearNum=1997,https://web.archive.org/web/20021202230651/http://usopen-snowboarding.com/history.asp?yearNum=1997,repaired
results,us-open-snowboarding--1998,https://web.archive.org/web/20021202101735/http://usopen-snowboarding.com/history.asp?yearNum=1998,https://web.archive.org/web/20021202101813/http://usopen-snowboarding.com/history.asp?yearNum=1998,repaired
results,us-open-snowboarding--1998,https://web.archive.org/web/20021202101735/http://usopen-snowboarding.com/history.asp?yearNum=1998,https://web.archive.org/web/20021202101813/http://usopen-snowboarding.com/history.asp?yearNum=1998,repaired
results,us-open-snowboarding--1998,https://web.archive.org/web/20021202101735/http://usopen-snowboarding.com/history.asp?yearNum=1998,https://web.archive.org/web/20021202101813/http://usopen-snowboarding.com/history.asp?yearNum=1998,repaired
results,us-open-snowboarding--1998,https://web.archive.org/web/20021202101735/http://usopen-snowboarding.com/history.asp?yearNum=1998,https://web.archive.org/web/20021202101813/http://usopen-snowboarding.com/history.asp?yearNum=1998,repaired
results,us-open-snowboarding--1998,https://web.archive.org/web/20021202101735/http://usopen-snowboarding.com/history.asp?yearNum=1998,https://web.archive.org/web/20021202101813/http://usopen-snowboarding.com/history.asp?yearNum=1998,repaired
results,us-open-snowboarding--1998,https://web.archive.org/web/20021202101735/http://usopen-snowboarding.com/history.asp?yearNum=1998,https://web.archive.org/web/20021202101813/http://usopen-snowboarding.com/history.asp?yearNum=1998,repaired
results,us-open-snowboarding--1998,https://web.archive.org/web/20021202101735/http://usopen-snowboarding.com/history.asp?yearNum=1998,https://web.archive.org/web/20021202101813/http://usopen-snowboarding.com/history.asp?yearNum=1998,repaired
results,us-open-snowboarding--1998,https://web.archive.org/web/20021202101735/http://usopen-snowboarding.com/history.asp?yearNum=1998,https://web.archive.org/web/20021202101813/http://usopen-snowboarding.com/history.asp?yearNum=1998,repaired
results,us-open-snowboarding--1998,https://web.archive.org/web/20021202101735/http://usopen-snowboarding.com/history.asp?yearNum=1998,https://web.archive.org/web/20021202101813/http://usopen-snowboarding.com/history.asp?yearNum=1998,repaired
results,us-open-snowboarding--1998,https://web.archive.org/web/20021202101735/http://usopen-snowboarding.com/history.asp?yearNum=1998,https://web.archive.org/web/20021202101813/http://usopen-snowboarding.com/history.asp?yearNum=1998,repaired
results,us-open-snowboarding--1998,https://web.archive.org/web/20021202101735/http://usopen-snowboarding.com/history.asp?yearNum=1998,https://web.archive.org/web/20021202101813/http://usopen-snowboarding.com/history.asp?yearNum=1998,repaired
results,us-open-snowboarding--1998,https://web.archive.org/web/20021202101735/http://usopen-snowboarding.com/history.asp?yearNum=1998,https://web.archive.org/web/20021202101813/http://usopen-snowboarding.com/history.asp?yearNum=1998,repaired
results,us-open-snowboarding--1998,https://web.archive.org/web/20021202101735/http://usopen-snowboarding.com/history.asp?yearNum=1998,https://web.archive.org/web/20021202101813/http://usopen-snowboarding.com/history.asp?yearNum=1998,repaired
results,us-open-snowboarding--1998,https://web.archive.org/web/20021202101735/http://usopen-snowboarding.com/history.asp?yearNum=1998,https://web.archive.org/web/20021202101813/http://usopen-snowboarding.com/history.asp?yearNum=1998,repaired
results,us-open-snowboarding--1998,https://web.archive.org/web/20021202101735/http://usopen-snowboarding.com/history.asp?yearNum=1998,https://web.archive.org/web/20021202101813/http://usopen-snowboarding.com/history.asp?yearNum=1998,repaired
results,us-open-snowboarding--1998,https://web.archive.org/web/20021202101735/http://usopen-snowboarding.com/history.asp?yearNum=1998,https://web.archive.org/web/20021202101813/http://usopen-snowboarding.com/history.asp?yearNum=1998,repaired
results,us-open-snowboarding--1998,https://web.archive.org/web/20021202101735/http://usopen-snowboarding.com/history.asp?yearNum=1998,https://web.archive.org/web/20021202101813/http://usopen-snowboarding.com/history.asp?yearNum=1998,repaired
results,us-open-snowboarding--1998,https://web.archive.org/web/20021202101735/http://usopen-snowboarding.com/history.asp?yearNum=1998,https://web.archive.org/web/20021202101813/http://usopen-snowboarding.com/history.asp?yearNum=1998,repaired
results,us-open-snowboarding--1998,https://web.archive.org/web/20021202101735/http://usopen-snowboarding.com/history.asp?yearNum=1998,https://web.archive.org/web/20021202101813/http://usopen-snowboarding.com/history.asp?yearNum=1998,repaired
results,us-open-snowboarding--1998,https://web.archive.org/web/20021202101735/http://usopen-snowboarding.com/history.asp?yearNum=1998,https://web.archive.org/web/20021202101813/http://usopen-snowboarding.com/history.asp?yearNum=1998,repaired
results,us-open-snowboarding--1998,https://web.archive.org/web/20021202101735/http://usopen-snowboarding.com/history.asp?yearNum=1998,https://web.archive.org/web/20021202101813/http://usopen-snowboarding.com/history.asp?yearNum=1998,repaired
results,us-open-snowboarding--1998,https://web.archive.org/web/20021202101735/http://usopen-snowboarding.com/history.asp?yearNum=1998,https://web.archive.org/web/20021202101813/http://usopen-snowboarding.com/history.asp?yearNum=1998,repaired
results,us-open-snowboarding--1998,https://web.archive.org/web/20021202101735/http://usopen-snowboarding.com/history.asp?yearNum=1998,https://web.archive.org/web/20021202101813/http://usopen-snowboarding.com/history.asp?yearNum=1998,repaired
results,us-open-snowboarding--1998,https://web.archive.org/web/20021202101735/http://usopen-snowboarding.com/history.asp?yearNum=1998,https://web.archive.org/web/20021202101813/http://usopen-snowboarding.com/history.asp?yearNum=1998,repaired
results,us-open-snowboarding--1999,https://web.archive.org/web/20021202101735/http://usopen-snowboarding.com/history.asp?yearNum=1999,https://web.archive.org/web/20021202102229/http://usopen-snowboarding.com/history.asp?yearNum=1999,repaired
results,us-open-snowboarding--1999,https://web.archive.org/web/20021202101735/http://usopen-snowboarding.com/history.asp?yearNum=1999,https://web.archive.org/web/20021202102229/http://usopen-snowboarding.com/history.asp?yearNum=1999,repaired
results,us-open-snowboarding--1999,https://web.archive.org/web/20021202101735/http://usopen-snowboarding.com/history.asp?yearNum=1999,https://web.archive.org/web/20021202102229/http://usopen-snowboarding.com/history.asp?yearNum=1999,repaired
results,us-open-snowboarding--1999,https://web.archive.org/web/20021202101735/http://usopen-snowboarding.com/history.asp?yearNum=1999,https://web.archive.org/web/20021202102229/http://usopen-snowboarding.com/history.asp?yearNum=1999,repaired
results,us-open-snowboarding--1999,https://web.archive.org/web/20021202101735/http://usopen-snowboarding.com/history.asp?yearNum=1999,https://web.archive.org/web/20021202102229/http://usopen-snowboarding.com/history.asp?yearNum=1999,repaired
results,us-open-snowboarding--1999,https://web.archive.org/web/20021202101735/http://usopen-snowboarding.com/history.asp?yearNum=1999,https://web.archive.org/web/20021202102229/http://usopen-snowboarding.com/history.asp?yearNum=1999,repaired
results,us-open-snowboarding--1999,https://web.archive.org/web/20021202101735/http://usopen-snowboarding.com/history.asp?yearNum=1999,https://web.archive.org/web/20021202102229/http://usopen-snowboarding.com/history.asp?yearNum=1999,repaired
results,us-open-snowboarding--1999,https://web.archive.org/web/20021202101735/http://usopen-snowboarding.com/history.asp?yearNum=1999,https://web.archive.org/web/20021202102229/http://usopen-snowboarding.com/history.asp?yearNum=1999,repaired
results,us-open-snowboarding--1999,https://web.archive.org/web/20021202101735/http://usopen-snowboarding.com/history.asp?yearNum=1999,https://web.archive.org/web/20021202102229/http://usopen-snowboarding.com/history.asp?yearNum=1999,repaired
results,us-open-snowboarding--1999,https://web.archive.org/web/20021202101735/http://usopen-snowboarding.com/history.asp?yearNum=1999,https://web.archive.org/web/20021202102229/http://usopen-snowboarding.com/history.asp?yearNum=1999,repaired
results,us-open-snowboarding--1999,https://web.archive.org/web/20021202101735/http://usopen-snowboarding.com/history.asp?yearNum=1999,https://web.archive.org/web/20021202102229/http://usopen-snowboarding.com/history.asp?yearNum=1999,repaired
results,us-open-snowboarding--1999,https://web.archive.org/web/20021202101735/http://usopen-snowboarding.com/history.asp?yearNum=1999,https://web.archive.org/web/20021202102229/http://usopen-snowboarding.com/history.asp?yearNum=1999,repaired
results,us-open-snowboarding--1999,https://web.archive.org/web/20021202101735/http://usopen-snowboarding.com/history.asp?yearNum=1999,https://web.archive.org/web/20021202102229/http://usopen-snowboarding.com/history.asp?yearNum=1999,repaired
results,us-open-snowboarding--1999,https://web.archive.org/web/20021202101735/http://usopen-snowboarding.com/history.asp?yearNum=1999,https://web.archive.org/web/20021202102229/http://usopen-snowboarding.com/history.asp?yearNum=1999,repaired
results,us-open-snowboarding--1999,https://web.archive.org/web/20021202101735/http://usopen-snowboarding.com/history.asp?yearNum=1999,https://web.archive.org/web/20021202102229/http://usopen-snowboarding.com/history.asp?yearNum=1999,repaired
results,us-open-snowboarding--1999,https://web.archive.org/web/20021202101735/http://usopen-snowboarding.com/history.asp?yearNum=1999,https://web.archive.org/web/20021202102229/http://usopen-snowboarding.com/history.asp?yearNum=1999,repaired
results,us-open-snowboarding--1999,https://web.archive.org/web/20021202101735/http://usopen-snowboarding.com/history.asp?yearNum=1999,https://web.archive.org/web/20021202102229/http://usopen-snowboarding.com/history.asp?yearNum=1999,repaired
results,us-open-snowboarding--1999,https://web.archive.org/web/20021202101735/http://usopen-snowboarding.com/history.asp?yearNum=1999,https://web.archive.org/web/20021202102229/http://usopen-snowboarding.com/history.asp?yearNum=1999,repaired
results,us-open-snowboarding--1999,https://web.archive.org/web/20021202101735/http://usopen-snowboarding.com/history.asp?yearNum=1999,https://web.archive.org/web/20021202102229/http://usopen-snowboarding.com/history.asp?yearNum=1999,repaired
results,us-open-snowboarding--1999,https://web.archive.org/web/20021202101735/http://usopen-snowboarding.com/history.asp?yearNum=1999,https://web.archive.org/web/20021202102229/http://usopen-snowboarding.com/history.asp?yearNum=1999,repaired
results,us-open-snowboarding--1999,https://web.archive.org/web/20021202101735/http://usopen-snowboarding.com/history.asp?yearNum=1999,https://web.archive.org/web/20021202102229/http://usopen-snowboarding.com/history.asp?yearNum=1999,repaired
results,us-open-snowboarding--1999,https://web.archive.org/web/20021202101735/http://usopen-snowboarding.com/history.asp?yearNum=1999,https://web.archive.org/web/20021202102229/http://usopen-snowboarding.com/history.asp?yearNum=1999,repaired
results,us-open-snowboarding--1999,https://web.archive.org/web/20021202101735/http://usopen-snowboarding.com/history.asp?yearNum=1999,https://web.archive.org/web/20021202102229/http://usopen-snowboarding.com/history.asp?yearNum=1999,repaired
results,us-open-snowboarding--1999,https://web.archive.org/web/20021202101735/http://usopen-snowboarding.com/history.asp?yearNum=1999,https://web.archive.org/web/20021202102229/http://usopen-snowboarding.com/history.asp?yearNum=1999,repaired
results,us-open-snowboarding--1999,https://web.archive.org/web/20021202101735/http://usopen-snowboarding.com/history.asp?yearNum=1999,https://web.archive.org/web/20021202102229/http://usopen-snowboarding.com/history.asp?yearNum=1999,repaired
results,us-open-snowboarding--1999,https://web.archive.org/web/20021202101735/http://usopen-snowboarding.com/history.asp?yearNum=1999,https://web.archive.org/web/20021202102229/http://usopen-snowboarding.com/history.asp?yearNum=1999,repaired
results,us-open-snowboarding--1999,https://web.archive.org/web/20021202101735/http://usopen-snowboarding.com/history.asp?yearNum=1999,https://web.archive.org/web/20021202102229/http://usopen-snowboarding.com/history.asp?yearNum=1999,repaired
results,us-open-snowboarding--2000,https://web.archive.org/web/20021202101735/http://usopen-snowboarding.com/history.asp?yearNum=2000,https://web.archive.org/web/20021202102958/http://usopen-snowboarding.com/history.asp?yearNum=2000,repaired
results,us-open-snowboarding--2000,https://web.archive.org/web/20021202101735/http://usopen-snowboarding.com/history.asp?yearNum=2000,https://web.archive.org/web/20021202102958/http://usopen-snowboarding.com/history.asp?yearNum=2000,repaired
results,us-open-snowboarding--2000,https://web.archive.org/web/20021202101735/http://usopen-snowboarding.com/history.asp?yearNum=2000,https://web.archive.org/web/20021202102958/http://usopen-snowboarding.com/history.asp?yearNum=2000,repaired
results,us-open-snowboarding--2000,https://web.archive.org/web/20021202101735/http://usopen-snowboarding.com/history.asp?yearNum=2000,https://web.archive.org/web/20021202102958/http://usopen-snowboarding.com/history.asp?yearNum=2000,repaired
results,us-open-snowboarding--2000,https://web.archive.org/web/20021202101735/http://usopen-snowboarding.com/history.asp?yearNum=2000,https://web.archive.org/web/20021202102958/http://usopen-snowboarding.com/history.asp?yearNum=2000,repaired
results,us-open-snowboarding--2000,https://web.archive.org/web/20021202101735/http://usopen-snowboarding.com/history.asp?yearNum=2000,https://web.archive.org/web/20021202102958/http://usopen-snowboarding.com/history.asp?yearNum=2000,repaired
results,us-open-snowboarding--2000,https://web.archive.org/web/20021202101735/http://usopen-snowboarding.com/history.asp?yearNum=2000,https://web.archive.org/web/20021202102958/http://usopen-snowboarding.com/history.asp?yearNum=2000,repaired
results,us-open-snowboarding--2000,https://web.archive.org/web/20021202101735/http://usopen-snowboarding.com/history.asp?yearNum=2000,https://web.archive.org/web/20021202102958/http://usopen-snowboarding.com/history.asp?yearNum=2000,repaired
results,us-open-snowboarding--2000,https://web.archive.org/web/20021202101735/http://usopen-snowboarding.com/history.asp?yearNum=2000,https://web.archive.org/web/20021202102958/http://usopen-snowboarding.com/history.asp?yearNum=2000,repaired
results,us-open-snowboarding--2000,https://web.archive.org/web/20021202101735/http://usopen-snowboarding.com/history.asp?yearNum=2000,https://web.archive.org/web/20021202102958/http://usopen-snowboarding.com/history.asp?yearNum=2000,repaired
results,us-open-snowboarding--2000,https://web.archive.org/web/20021202101735/http://usopen-snowboarding.com/history.asp?yearNum=2000,https://web.archive.org/web/20021202102958/http://usopen-snowboarding.com/history.asp?yearNum=2000,repaired
results,us-open-snowboarding--2000,https://web.archive.org/web/20021202101735/http://usopen-snowboarding.com/history.asp?yearNum=2000,https://web.archive.org/web/20021202102958/http://usopen-snowboarding.com/history.asp?yearNum=2000,repaired
results,us-open-snowboarding--2000,https://web.archive.org/web/20021202101735/http://usopen-snowboarding.com/history.asp?yearNum=2000,https://web.archive.org/web/20021202102958/http://usopen-snowboarding.com/history.asp?yearNum=2000,repaired
results,us-open-snowboarding--2000,https://web.archive.org/web/20021202101735/http://usopen-snowboarding.com/history.asp?yearNum=2000,https://web.archive.org/web/20021202102958/http://usopen-snowboarding.com/history.asp?yearNum=2000,repaired
results,us-open-snowboarding--2000,https://web.archive.org/web/20021202101735/http://usopen-snowboarding.com/history.asp?yearNum=2000,https://web.archive.org/web/20021202102958/http://usopen-snowboarding.com/history.asp?yearNum=2000,repaired
results,us-open-snowboarding--2000,https://web.archive.org/web/20021202101735/http://usopen-snowboarding.com/history.asp?yearNum=2000,https://web.archive.org/web/20021202102958/http://usopen-snowboarding.com/history.asp?yearNum=2000,repaired
results,us-open-snowboarding--2000,https://web.archive.org/web/20021202101735/http://usopen-snowboarding.com/history.asp?yearNum=2000,https://web.archive.org/web/20021202102958/http://usopen-snowboarding.com/history.asp?yearNum=2000,repaired
results,us-open-snowboarding--2000,https://web.archive.org/web/20021202101735/http://usopen-snowboarding.com/history.asp?yearNum=2000,https://web.archive.org/web/20021202102958/http://usopen-snowboarding.com/history.asp?yearNum=2000,repaired
results,us-open-snowboarding--2000,https://web.archive.org/web/20021202101735/http://usopen-snowboarding.com/history.asp?yearNum=2000,https://web.archive.org/web/20021202102958/http://usopen-snowboarding.com/history.asp?yearNum=2000,repaired
results,us-open-snowboarding--2000,https://web.archive.org/web/20021202101735/http://usopen-snowboarding.com/history.asp?yearNum=2000,https://web.archive.org/web/20021202102958/http://usopen-snowboarding.com/history.asp?yearNum=2000,repaired
results,us-open-snowboarding--2000,https://web.archive.org/web/20021202101735/http://usopen-snowboarding.com/history.asp?yearNum=2000,https://web.archive.org/web/20021202102958/http://usopen-snowboarding.com/history.asp?yearNum=2000,repaired
results,us-open-snowboarding--2000,https://web.archive.org/web/20021202101735/http://usopen-snowboarding.com/history.asp?yearNum=2000,https://web.archive.org/web/20021202102958/http://usopen-snowboarding.com/history.asp?yearNum=2000,repaired
results,us-open-snowboarding--2000,https://web.archive.org/web/20021202101735/http://usopen-snowboarding.com/history.asp?yearNum=2000,https://web.archive.org/web/20021202102958/http://usopen-snowboarding.com/history.asp?yearNum=2000,repaired
results,us-open-snowboarding--2000,https://web.archive.org/web/20021202101735/http://usopen-snowboarding.com/history.asp?yearNum=2000,https://web.archive.org/web/20021202102958/http://usopen-snowboarding.com/history.asp?yearNum=2000,repaired
results,us-open-snowboarding--2000,https://web.archive.org/web/20021202101735/http://usopen-snowboarding.com/history.asp?yearNum=2000,https://web.archive.org/web/20021202102958/http://usopen-snowboarding.com/history.asp?yearNum=2000,repaired
results,us-open-snowboarding--2000,https://web.archive.org/web/20021202101735/http://usopen-snowboarding.com/history.asp?yearNum=2000,https://web.archive.org/web/20021202102958/http://usopen-snowboarding.com/history.asp?yearNum=2000,repaired
results,us-open-snowboarding--2000,https://web.archive.org/web/20021202101735/http://usopen-snowboarding.com/history.asp?yearNum=2000,https://web.archive.org/web/20021202102958/http://usopen-snowboarding.com/history.asp?yearNum=2000,repaired
results,us-open-snowboarding--2000,https://web.archive.org/web/20021202101735/http://usopen-snowboarding.com/history.asp?yearNum=2000,https://web.archive.org/web/20021202102958/http://usopen-snowboarding.com/history.asp?yearNum=2000,repaired
results,us-open-snowboarding--2000,https://web.archive.org/web/20021202101735/http://usopen-snowboarding.com/history.asp?yearNum=2000,https://web.archive.org/web/20021202102958/http://usopen-snowboarding.com/history.asp?yearNum=2000,repaired
results,us-open-snowboarding--2000,https://web.archive.org/web/20021202101735/http://usopen-snowboarding.com/history.asp?yearNum=2000,https://web.archive.org/web/20021202102958/http://usopen-snowboarding.com/history.asp?yearNum=2000,repaired
results,us-open-snowboarding--2001,https://web.archive.org/web/20021202101735/http://usopen-snowboarding.com/history.asp?yearNum=2001,https://web.archive.org/web/20021202103853/http://usopen-snowboarding.com/history.asp?yearNum=2001,repaired
results,us-open-snowboarding--2001,https://web.archive.org/web/20021202101735/http://usopen-snowboarding.com/history.asp?yearNum=2001,https://web.archive.org/web/20021202103853/http://usopen-snowboarding.com/history.asp?yearNum=2001,repaired
results,us-open-snowboarding--2001,https://web.archive.org/web/20021202101735/http://usopen-snowboarding.com/history.asp?yearNum=2001,https://web.archive.org/web/20021202103853/http://usopen-snowboarding.com/history.asp?yearNum=2001,repaired
results,us-open-snowboarding--2001,https://web.archive.org/web/20021202101735/http://usopen-snowboarding.com/history.asp?yearNum=2001,https://web.archive.org/web/20021202103853/http://usopen-snowboarding.com/history.asp?yearNum=2001,repaired
results,us-open-snowboarding--2001,https://web.archive.org/web/20021202101735/http://usopen-snowboarding.com/history.asp?yearNum=2001,https://web.archive.org/web/20021202103853/http://usopen-snowboarding.com/history.asp?yearNum=2001,repaired
results,us-open-snowboarding--2001,https://web.archive.org/web/20021202101735/http://usopen-snowboarding.com/history.asp?yearNum=2001,https://web.archive.org/web/20021202103853/http://usopen-snowboarding.com/history.asp?yearNum=2001,repaired
results,us-open-snowboarding--2001,https://web.archive.org/web/20021202101735/http://usopen-snowboarding.com/history.asp?yearNum=2001,https://web.archive.org/web/20021202103853/http://usopen-snowboarding.com/history.asp?yearNum=2001,repaired
results,us-open-snowboarding--2001,https://web.archive.org/web/20021202101735/http://usopen-snowboarding.com/history.asp?yearNum=2001,https://web.archive.org/web/20021202103853/http://usopen-snowboarding.com/history.asp?yearNum=2001,repaired
results,us-open-snowboarding--2001,https://web.archive.org/web/20021202101735/http://usopen-snowboarding.com/history.asp?yearNum=2001,https://web.archive.org/web/20021202103853/http://usopen-snowboarding.com/history.asp?yearNum=2001,repaired
results,us-open-snowboarding--2001,https://web.archive.org/web/20021202101735/http://usopen-snowboarding.com/history.asp?yearNum=2001,https://web.archive.org/web/20021202103853/http://usopen-snowboarding.com/history.asp?yearNum=2001,repaired
results,us-open-snowboarding--2001,https://web.archive.org/web/20021202101735/http://usopen-snowboarding.com/history.asp?yearNum=2001,https://web.archive.org/web/20021202103853/http://usopen-snowboarding.com/history.asp?yearNum=2001,repaired
results,us-open-snowboarding--2001,https://web.archive.org/web/20021202101735/http://usopen-snowboarding.com/history.asp?yearNum=2001,https://web.archive.org/web/20021202103853/http://usopen-snowboarding.com/history.asp?yearNum=2001,repaired
results,us-open-snowboarding--2001,https://web.archive.org/web/20021202101735/http://usopen-snowboarding.com/history.asp?yearNum=2001,https://web.archive.org/web/20021202103853/http://usopen-snowboarding.com/history.asp?yearNum=2001,repaired
results,us-open-snowboarding--2001,https://web.archive.org/web/20021202101735/http://usopen-snowboarding.com/history.asp?yearNum=2001,https://web.archive.org/web/20021202103853/http://usopen-snowboarding.com/history.asp?yearNum=2001,repaired
results,us-open-snowboarding--2001,https://web.archive.org/web/20021202101735/http://usopen-snowboarding.com/history.asp?yearNum=2001,https://web.archive.org/web/20021202103853/http://usopen-snowboarding.com/history.asp?yearNum=2001,repaired
results,us-open-snowboarding--2001,https://web.archive.org/web/20021202101735/http://usopen-snowboarding.com/history.asp?yearNum=2001,https://web.archive.org/web/20021202103853/http://usopen-snowboarding.com/history.asp?yearNum=2001,repaired
results,us-open-snowboarding--2001,https://web.archive.org/web/20021202101735/http://usopen-snowboarding.com/history.asp?yearNum=2001,https://web.archive.org/web/20021202103853/http://usopen-snowboarding.com/history.asp?yearNum=2001,repaired
results,us-open-snowboarding--2001,https://web.archive.org/web/20021202101735/http://usopen-snowboarding.com/history.asp?yearNum=2001,https://web.archive.org/web/20021202103853/http://usopen-snowboarding.com/history.asp?yearNum=2001,repaired
results,us-open-snowboarding--2001,https://web.archive.org/web/20021202101735/http://usopen-snowboarding.com/history.asp?yearNum=2001,https://web.archive.org/web/20021202103853/http://usopen-snowboarding.com/history.asp?yearNum=2001,repaired
results,us-open-snowboarding--2001,https://web.archive.org/web/20021202101735/http://usopen-snowboarding.com/history.asp?yearNum=2001,https://web.archive.org/web/20021202103853/http://usopen-snowboarding.com/history.asp?yearNum=2001,repaired
results,us-open-snowboarding--2001,https://web.archive.org/web/20021202101735/http://usopen-snowboarding.com/history.asp?yearNum=2001,https://web.archive.org/web/20021202103853/http://usopen-snowboarding.com/history.asp?yearNum=2001,repaired
results,us-open-snowboarding--2001,https://web.archive.org/web/20021202101735/http://usopen-snowboarding.com/history.asp?yearNum=2001,https://web.archive.org/web/20021202103853/http://usopen-snowboarding.com/history.asp?yearNum=2001,repaired
results,us-open-snowboarding--2001,https://web.archive.org/web/20021202101735/http://usopen-snowboarding.com/history.asp?yearNum=2001,https://web.archive.org/web/20021202103853/http://usopen-snowboarding.com/history.asp?yearNum=2001,repaired
results,us-open-snowboarding--2001,https://web.archive.org/web/20021202101735/http://usopen-snowboarding.com/history.asp?yearNum=2001,https://web.archive.org/web/20021202103853/http://usopen-snowboarding.com/history.asp?yearNum=2001,repaired
editions,mt-baker-legendary-banked-slalom--2013,2013-02-08 / 2013-02-10,(nulled),no-snapshot-found
editions,us-open-snowboarding--2010,archive citation,(removed),no-snapshot-found
