brand_id,brand_name,founded_year,end_year,status,founder,country,hq_city,parent_company,confidence,notes,sources
5150,5150,,,defunct,,USA,,Ride (from Sept 1995); K2 from 1999,verified,Brand of Thermal Snowboards; acquired with the Thermal factory by Ride in Sept 1995 for $11.9M. Later a K2 price-point brand (listed on SnowDB).,https://www.snowboarder.com/news/a-brief-history-of-mergers-in-the-snowboarding-world | https://www.the-house.com/portal/ride-inc-history/ | https://www.snowdb.com/
a-team,A-Team,,,defunct,"Jack Smith, Gary Fluitt and John Brunson",USA,"Morro Bay, California",,likely,Late-1970s; also made sandboards.,https://www.michigansnowboardmuseum.com/old-snowboard-reference-list.html | https://www.skiinghistory.org/category/snowboard
academy,Academy,,,active,Chad and JB (owners),USA,"Auburn, California",,likely,Rider-owned; built by Never Summer; active since at least 2010/11.,https://academysnowboards.com/ | https://whitelines.com/brands/academy-snowboards
aggression,Aggression,1983,1999,defunct,Matt Nipper,USA,"Boulder, Colorado",Volant (from 1994),verified,"Origins as Boulder Boards; factory formerly Naked Boards. Bought by Volant 1994; ended 1999. | TWS Oct 1992 guide: 'for seven years, Aggression Snowboards has been producing boards ... from their factory in Boulder, Colorado' (implies c.1985-86 start; Michigan museum lists 'Agression 1983'). Purchased by Volant Skis in 1994.",https://www.summitdaily.com/news/innovation-drove-smaller-colorado-snowboard-companies/ | https://www.snowboarder.com/news/a-brief-history-of-mergers-in-the-snowboarding-world | https://www.snowboarder.com/news/snowboard-history-timeline-part-31990s | https://www.michigansnowboardmuseum.com/old-snowboard-reference-list.html | https://archive.org/details/tws-89-93
airwalk,Airwalk,1986,,defunct,George Yohn and Bill Mann,USA,"Carlsbad, California",Items International,likely,"Shoe company; led snowboard boot sales by 1994 and also made snowboards, bindings and accessories. | Shoe brand; step-in bindings 1995 (timeline); A-1 board in the 2000 Snowboard Life Top 25.",https://www.encyclopedia.com/books/politics-and-business-magazines/items-international-airwalk-inc | https://www.snowboarder.com/news/snowboard-history-timeline-part-31990s | https://www.snowboarder.com/news/snowboard-lifes-top-25-board-test-2000
alpha,Alpha,,,defunct,,Austria,,Attack International (windsurfing),likely,Late 1980s.,https://www.michigansnowboardmuseum.com/old-snowboard-reference-list.html
amplid,Amplid,2004,,active,Peter Bauer and Anian Thrainer,Germany,Bavaria,,verified,"Brand page gives 2004 founding, co-founded with Anian Thrainer in 2005; Thrainer left 2014, Conrad Albert joined. Amplid GmbH. | Amplid GmbH; co-owned with Anian Thrainer early on; Peter Bauer later 100% owner.",https://www.amplid.com/company/peter-bauer/ | https://www.snowdb.com/ | https://www.amplid.com/company/ | https://www.newschoolers.com/news/read/Brand-Focus-Amplid-Snowboards
apocalypse-a-snowboards-apo,Apocalypse / A Snowboards / APO,1986,,defunct,Regis Rolland,France,Les Arcs,,verified,Founded by Regis Rolland of 'Apocalypse Snow' fame (film 1983). Renamed A Snowboards 1992 (merged with Grand Chavin 1997) and APO Snow 2002. Rolland ousted 2014 after binding production problems; brand since folded. Whitelines brand page dates it 1983.,https://whitelines.com/archive/news/regis-rolland-apo-part-ways.html | https://whitelines.com/brands/apo-snowboards | https://www.snowboarder.com/news/a-brief-history-of-mergers-in-the-snowboarding-world | https://www.michigansnowboardmuseum.com/old-snowboard-reference-list.html
arbor,Arbor,1995,,active,,USA,"Venice, California",,verified,"Eco-focused; wood veneer topsheets, bamboo; Returning Roots reforestation program. | Known for wood-veneer topsheets and sustainability focus (Whitelines brand guide). | Wood topsheets, sustainability focus.",https://www.arborcollective.com/pages/our-story | https://whitelines.com/brands/arbor-snowboards | https://whitelines.com/snowboard-gear/before-you-buy/guide-to-snowboard-brands.html | https://www.evo.com/shop/snowboard/snowboards/arbor
arnell,Arnell,,,defunct,,,,Yoshida (Jan 1997),likely,Bought to complement Yoshida's Molly/MLY brand.,https://www.snowboarder.com/news/a-brief-history-of-mergers-in-the-snowboarding-world
artec,Artec,2004,,dormant,,Slovenia,,Elan,likely,"Elan's more experimental sub-brand, made in the Austrian OEM factory. Current status not verified.",http://www.illicitsnowboarding.com/2012/01/made-in-snowboard-brands-from.html | https://www.snowdb.com/
asmo,Asmo,2006,,active,Wolfgang 'Wolly' Nyvelt,Austria,,,likely,Binding-less powsurfers.,https://www.fieldmag.com/articles/most-influential-international-snowboard-brands
atlantis,Atlantis,,,defunct,Ingemar Backman,,,Jaysport (1999),likely,"Rider-owned, sidewall construction.",https://www.snowboarder.com/news/a-brief-history-of-mergers-in-the-snowboarding-world | https://whitelines.com/archive/features/comeback-kit.html
atomic,Atomic,,,active,Alois Rohrmoser,Austria,Altenmarkt im Pongau,Amer Sports (Anta) since 1994,verified,Ski maker; snowboard line (Alibi etc.) and owner of the Oxygen snowboard brand in the 1990s. | Ski manufacturer; snowboards seen in SnowDB 2009/10-2011/12 only. Status of snowboard line not confirmed.,https://grokipedia.com/page/Atomic_Skis | https://gdharries.com/journal/twenty-eight-years-of-snowboards | https://www.michigansnowboardmuseum.com/old-snowboard-reference-list.html | https://www.snowdb.com/catalog/atomic
avalanche,Avalanche,1982,1997,defunct,"Chris Sanders, Bev Sanders and Earl Zeller",USA,"Lake Tahoe, California",A Sport (from Dec 1997); later Silence investor group,verified,"First boards Huey, Dewey & Louie with Formica; Damian Sanders pro models. 80% sold to Bob Edwards in 1994; merged with Straight Line into A Sport Dec 1997; brand effectively ended 1997. | ISM 1988 address P.O. Box 10636, South Lake Tahoe. Snowboarder timeline dates the first Avalanche boards (Huey, Dewey, Louie) to 1982. Still listed in 2000-01 Snowboard Life test.",http://www.illicitsnowboarding.com/2012/03/legends-of-fallen-vintage-snowboard.html | https://www.vtssm.org/snowboarding | https://www.michigansnowboardmuseum.com/the-neon-era--other-80s-decks.html | https://www.snowboarder.com/news/a-brief-history-of-mergers-in-the-snowboarding-world | https://www.snowboarder.com/news/snowboard-history-timeline-part-31990s | https://jeffharbaugh.com/hey-how-come-youre-still-around-conversations-with-survivors/ | https://www.snowboarder.com/news/snowboard-history-timeline-part-21980s | https://archive.org/details/ISM-87-91
ayack-johly,Ayack / Johly,,,defunct,,Japan,,Ski Surf,likely,Ayack mid-1970s to early 1980s; renamed Johly late 1980s.,https://www.michigansnowboardmuseum.com/old-snowboard-reference-list.html
b-o-n-e,B.O.N.E.,,,dormant,,,,,likely,Listed on SnowDB catalog. Current status not verified.,https://www.snowdb.com/
bamboo-curtain,Bamboo Curtain,,1995,defunct,,,,Fera International,likely,Bought Sept 1995 then ceased.,https://www.snowboarder.com/news/a-brief-history-of-mergers-in-the-snowboarding-world
barfoot,Barfoot,1978,,dormant,Chuck Barfoot,USA,"Santa Barbara / Ventura, California",,verified,"Chuck Barfoot co-built the 1978 Flying Yellow Banana with Tom Sims and Bob Webber, split from Sims around 1981 and ran Barfoot Snoboards. Credited with the twin-tip (1987) and insert hardware. Brand site says 'Since 1978'; VTSSM dates the company to 1981. Cult following; founder later stepped back. | Chuck Barfoot built early boards with Tom Sims; own company with twin-tip freestyle shape from 1987 (Snowboarder timeline). ISM 1988 address: 4693-4 Telephone Road. Founded_year here is the company formation per timeline; Barfoot-branded boards appear in the Jan 1987 ISM guide.",https://www.barfoot.com/pages/history | https://www.independent.com/2008/03/06/barfoot-snowboards-turns-30/ | https://www.vtssm.org/snowboarding | https://www.michigansnowboardmuseum.com/boards-from-the-legends.html | https://snowbrains.com/top-5-most-missed-snowboard-brands-according-to-snowbrains-readers/ | https://www.snowboarder.com/news/snowboard-history-timeline-part-21980s | https://archive.org/details/ISM-87-91
bataleon,Bataleon,2003,,active,Jorgen Karlsen,Netherlands,Amsterdam (origins Norway),Nidecker Group,verified,Triple Base Technology (3BT). Brand archive dates 2003; illicit snowboarding dates origins 1998 in Norway. Now under Nidecker Group. | Triple Base Technology (3BT). Official board archive lists ranges from 2004-05 onward (prototypes/'Hi turn' before).,https://bataleon.com/pages/board-archive | http://www.illicitsnowboarding.com/2012/01/made-in-snowboard-brands-from.html | https://www.ndk.group/ | https://whitelines.com/brands/bataleon
bc-stream,BC Stream,,,active,,Japan,,ACTGEAR,likely,Japanese carving/freeride brand (Hammerhead models). | Only homepage reachable; model names not extracted. THIN.,https://bc-stream.com/ | https://carversconnection.com/community/hard-boot/carving-snowboards-manufacturers-and-wbsite-links/
bird-surf,Bird Surf,1983,1989,defunct,E. Mayhew,France,,,likely,Sponsored Jean Nerva and Phil Martin.,https://www.michigansnowboardmuseum.com/old-snowboard-reference-list.html
black-fire,Black Fire,2002,,active,,Russia,,,likely,Budget boards built at Elan's Austrian factory; listed on SnowDB.,http://www.illicitsnowboarding.com/2012/01/made-in-snowboard-brands-from.html | https://www.snowdb.com/
black-pearl,Black Pearl,,,active,,Switzerland,,,likely,,https://carversconnection.com/community/hard-boot/carving-snowboards-manufacturers-and-wbsite-links/
black-snow,Black Snow,,,defunct,,Canada,,,likely,"Molded composite decks with cheap bindings: Legend, Mogul Monster, Edge (1988).",https://www.michigansnowboardmuseum.com/the-neon-era--other-80s-decks.html | https://www.michigansnowboardmuseum.com/old-snowboard-reference-list.html | https://gdharries.com/journal/twenty-eight-years-of-snowboards
boheme,Bohème,,,dormant,,,,,likely,Listed on SnowDB catalog. Current status not verified.,https://www.snowdb.com/
bradar,Bradar,1986,,defunct,,,,,likely,Fully plastic with short edges near bindings.,https://www.michigansnowboardmuseum.com/old-snowboard-reference-list.html
brandy,Brandy,1984,,defunct,Allen Rech,USA,California,,likely,Swallowtail with mid rudder and side fins.,https://www.michigansnowboardmuseum.com/old-snowboard-reference-list.html
buddybuddy,BuddyBuddy,2017,,active,Mike Gelbricht,Germany,Erzgebirge (Dresden),,likely,AnchorCoreTechnology; hydropower factory.,https://www.boardsportsource.com/brand-profile-strong-sustainable-snowboards-from-german-based-buddybuddy/
burton,Burton,1977,,active,Jake Burton Carpenter,USA,"Burlington, Vermont (founded in Londonderry, Vermont)",,verified,"Founded 1977 with $20,000; Austrian plant in Innsbruck from 1985; HQ Burlington VT. Owned by the Carpenter family (Donna Carpenter). Acquired The Program brands (Forum, Special Blend, Foursquare) from Four Star Distribution in 2004 and wound them down by 2014. Also owns Anon and RED.",https://www.encyclopedia.com/books/politics-and-business-magazines/burton-snowboards-inc | https://grokipedia.com/page/Burton_Snowboards | https://www.michigansnowboardmuseum.com/boards-from-the-legends.html | https://www.vtssm.org/snowboarding | https://whitelines.com/archive/news/burton-snowboards-to-drop-forum-and-make-other-big-changes.html
canadian-flyer,Canadian Flyer,,,defunct,,USA,"Peabody, Massachusetts",Brookfield Manufacturing / Hyde Athletic,likely,Entry-level plastic molded board.,https://www.michigansnowboardmuseum.com/the-neon-era--other-80s-decks.html
capita,CAPiTA,2000,,active,Jason Brown and Blue Montgomery,USA,"Seattle, Washington (corporate entity Core S.r.l., Delebio, Italy)",,verified,"Boards built at The Mothership, Austria (100% clean energy); B Corp. Also builds for Bataleon/Lobster. | Founded early 2000s per Whitelines brand guide; boards built at The Mothership factory in Austria.",https://whitelines.com/brands/capita | https://www.capitasnowboarding.com/ | https://www.fieldmag.com/articles/most-influential-international-snowboard-brands | https://whitelines.com/snowboard-gear/before-you-buy/guide-to-snowboard-brands.html
cardiff,Cardiff,,,active,,USA,,,likely,Cardiff Snowcraft. Earliest model year sourced 2020 (Crane).,https://thegoodride.com/snowboard-reviews/cardiff-crane-2020-2023-snowboard-review/
cardiff-snowcraft,Cardiff Snowcraft,,,active,,USA,"Cottonwood Heights / Wasatch, Utah",,likely,Splitboard-first design; founded by an architect-snowboarder for Cardiff Fork.,https://www.skiutah.com/members/cardiff-snowcraft | https://cardiffsnow.com/
chaix-vanom,Chaix Vanom,1984,1986,defunct,,France,,,likely,Small French maker.,https://www.michigansnowboardmuseum.com/old-snowboard-reference-list.html
checker-pig,Checker Pig,1983,,defunct,Udo Gurgel,Germany,,,verified,Created first marketed women's freestyle pro model (Lisa Vinciguerra). Ended in the late 1990s. | German brand appearing in ISM/TWS guides 1991-1992.,http://www.illicitsnowboarding.com/2013/04/legends-of-fallen-ii-stickers-of-lost.html | https://snowbrains.com/top-5-most-missed-snowboard-brands-according-to-snowbrains-readers/ | https://www.michigansnowboardmuseum.com/old-snowboard-reference-list.html | https://archive.org/details/ISM-87-91 | https://archive.org/details/tws-89-93
choc,Choc,1992,,dormant,,Czech Republic,,,likely,Mostly OEM for other brands; intermittent releases.,http://www.illicitsnowboarding.com/2012/01/made-in-snowboard-brands-from.html
circle-one,Circle One,1983,,defunct,,United Kingdom,,,likely,English windsurfing company.,https://www.michigansnowboardmuseum.com/old-snowboard-reference-list.html
coiler,Coiler,1995,,active,Bruce Varsava,Canada,,,verified,Custom alpine boards; easing off production from 2024. | Custom alpine/freecarve builder; full-time from 2007; scaling back production 2024/25.,https://www.coiler.com/ | https://carversconnection.com/community/hard-boot/carving-snowboards-manufacturers-and-wbsite-links/ | https://coiler.com/about/ | https://coiler.com/
contract,Contract,2009,,dormant,,Poland,,NBL Sport,likely,Public face of the NBL Sport OEM factory.,http://www.illicitsnowboarding.com/2012/01/made-in-snowboard-brands-from.html
crazy-banana,Crazy Banana,1983,2001,defunct,Harry Gunz and Paul Gruber,Switzerland,,,verified,"Dominant European neon-era brand; founders later created Rad Air. Faded early 2000s. | Late-80s/early-90s brand with the Breakout, Chilli Willi and Voodoo models.",http://www.illicitsnowboarding.com/2013/04/legends-of-fallen-ii-stickers-of-lost.html | https://www.michigansnowboardmuseum.com/the-neon-era--other-80s-decks.html | https://www.michigansnowboardmuseum.com/old-snowboard-reference-list.html | https://archive.org/details/tws-89-93 | https://archive.org/details/ISM-87-91
dc,DC,1993,,active,,USA,"Huntington Beach, California",Quiksilver (2004),verified,"Skate shoe brand that expanded into snowboards, bindings and boots; MTN LAB. | DC Shoes snowboard line; 2008/09-2011/12 boards in SnowDB (PBJ, MLF, Devun Walsh pro). evo currently lists only DC boots. Founding facts not confirmed.",https://whitelines.com/brands/dc | https://whitelines.com/snowboard-gear/before-you-buy/guide-to-snowboard-brands.html | https://www.snowdb.com/catalog/dc | https://www.snowboarder.com/transworld-snowboarding-archive/snowboarding-gear/dc-devun-walsh/
device,Device,,1997,defunct,,USA,"Boulder, Colorado",Ride (June 1997),likely,Acquired by Ride for $3M; Boulder offices closed.,https://www.snowboarder.com/news/a-brief-history-of-mergers-in-the-snowboarding-world
dinosaurs-will-die,Dinosaurs Will Die,2003,,active,Sean Genovese and Jeff Keenan,Canada,,,verified,Rider-owned; punk DIY aesthetic.,https://whitelines.com/brands/dinosaurs-will-die | https://whitelines.com/snowboard-gear/before-you-buy/guide-to-snowboard-brands.html | https://www.snowdb.com/
division-23,Division 23,1993,,defunct,Greg DiLeo,Canada,"Los Angeles, California",Jaysport (July/Aug 1999),likely,Canadian 1990s brand; Peter Line's rainbow pro model before Forum. Acquired by Jaysport with Type A and Atlantis in 1999. | TWS Oct 1993 describes L.A.-based Division 23 as a new company spearheaded by ex-Barfoot/Kemper worker Greg DiLeo with a new-school focus.,https://www.snowboarder.com/news/a-brief-history-of-mergers-in-the-snowboarding-world | https://whitelines.com/archive/features/comeback-kit.html | https://archive.org/details/tws-89-93
donek,Donek,1987,,active,Sean Martin,USA,"Watkins, Colorado",,verified,Started as a high-school project; incorporated 1995; Watkins facility 1999. Custom carving/race/freeride boards. | Custom softboot and alpine hardboot boards.,https://www.donek.com/about | https://usmanufacturingreport.com/article/donek-snowboards/ | https://grokipedia.com/page/donek | https://donek.com/about/ | https://www.donek.com/
duotone,Duotone,,,defunct,,,,Boards & More,likely,"1990s snowboard brand owned by Boards & More ('very cool brand back then, high in quality'); name revived 2018 for the group's windsurf/kite brand.",https://www.continentseven.com/duotone-windsurfing-new-boards-more-brand/
dupraz,Dupraz,2004,,active,Serge Dupraz,France,Fillinges,,verified,D1 all-mountain shape; c.2003/04 (Whitelines A-Z says 2003). | Minimal line: D1 in several lengths plus D-Tour split.,https://www.dupraz-snowboards.com/en/ | https://www.boardsportsource.com/legend-serge-dupraz-resurrects-hot-snowboards-brand-profile/ | https://whitelines.com/snowboard-gear/before-you-buy/guide-to-snowboard-brands.html | https://dupraz-snow.com/
duret,Duret,,,defunct,,France,,,likely,France's oldest ski maker; snowboards from 1987 with spray-painted rainbow graphics.,https://www.michigansnowboardmuseum.com/the-neon-era--other-80s-decks.html
dynastar,Dynastar,,,defunct,,France,,Rossignol,likely,Ski brand; early mass-market snowboards e.g. Gourou 165 (1989/90) drilled for hard boots.,https://www.michigansnowboardmuseum.com/the-neon-era--other-80s-decks.html | https://www.michigansnowboardmuseum.com/old-snowboard-reference-list.html
elan,Elan,,,active,Rudi Finzgar,Slovenia,Begunje na Gorenjskem,KJK Sports / Skimar,verified,"Ski maker; snowboards from 1987 (Whoopee Board 1988/89). Ran an Austrian OEM snowboard factory (Artec sub-brand 2004); Austrian snowboard subsidiary went bankrupt 2013. | Ski manufacturer; Elan Whoopee Board (c. 1989) in Michigan Snowboard Museum; 2008-2012 boards in SnowDB. | Ski maker; Whoopee Board 1988/89 (Michigan museum), Vertigo/Element/Boulevard for 2000.",https://grokipedia.com/page/Elan_(company) | http://www.illicitsnowboarding.com/2012/01/made-in-snowboard-brands-from.html | https://www.michigansnowboardmuseum.com/the-neon-era--other-80s-decks.html | https://www.michigansnowboardmuseum.com/old-snowboard-reference-list.html | https://www.snowdb.com/catalog/elan | https://www.snowboarder.com/news/snowboard-lifes-top-25-board-test-2000 | https://www.snowboarder.com/news/board-test-board-specs
endeavor,Endeavor,2002,,active,Max Jenke (with Scott Serfas),Canada,"Vancouver, British Columbia",Endeavor Design Inc.,verified,"Rider/family-owned; sister brands Airhole, Sandbox, Transform; B Corp 2022. | Rider-owned; founded by Max Jenke with partners Bruce and Scott.",https://endeavordesigninc.com/pages/endeavor-official-website | https://whitelines.com/brands/endeavor-snowboards | https://whitelines.com/snowboard-gear/before-you-buy/guide-to-snowboard-brands.html | https://www.shayboarder.com/2008/08/industry-profile-endeavor-snowboards-founder-max-jenke.html
energy,Energy,,,defunct,,France,,,likely,,https://www.michigansnowboardmuseum.com/old-snowboard-reference-list.html
eskimo,Eskimo,,,defunct,,Germany,Munich,,likely,Late 1980s.,https://www.michigansnowboardmuseum.com/old-snowboard-reference-list.html
exegi,Exegi,,,active,,Canada,,,likely,,https://carversconnection.com/community/hard-boot/carving-snowboards-manufacturers-and-wbsite-links/
extrem,Extrem,1993,2008,defunct,,Sweden,,,likely,"Snowboards from 1981 origins; brand 1993; snowboards until ~2008, now skis only. Current status not verified.",http://www.illicitsnowboarding.com/2012/01/made-in-snowboard-brands-from.html | https://www.snowdb.com/
f2,F2,1979,,active,Peter Brockhaus,Germany,"Hof, Bavaria (snowboards historically Austria)",F2 Fun & Function GmbH (Bernd Flugel),verified,"'Fun & Function' windsurf company (1979); became a leading race/hardboot snowboard maker (Silberpfeil, Speedster); freestyle division FTWO. Ownership: Brockhaus -> KJ Jacobs/Boards & More 2000 -> F2 International GmbH 2007 -> Bernd Flugel 2009 -> F2 Fun & Function GmbH 2015. Museum lists first snowboards 1988 Austrian-made. | Michigan Snowboard Museum reference list: 'F2 (Fun & Function) 1988, Austrian made'. No model rows captured.",https://de.wikipedia.org/wiki/F2_(Marke) | https://www.f2boards.com/history | https://www.michigansnowboardmuseum.com/old-snowboard-reference-list.html | https://gdharries.com/journal/twenty-eight-years-of-snowboards | https://carversconnection.com/community/hard-boot/carving-snowboards-manufacturers-and-wbsite-links/
fanatic,Fanatic,1981,,defunct,Udo Schutz,Germany,near Frankfurt,Mistral group (from end 1999),likely,Windsurf brand with a snowboard line (Michigan museum dates snowboards 1989); sold to Mistral group end 1999 including snowboard brands. Snowboards no longer made. | Windsurf brand; snowboards in TWS Oct 1989 guide (Ultra series).,https://www.windsurf.co.uk/fanatic-40-winning-history/ | https://www.michigansnowboardmuseum.com/old-snowboard-reference-list.html | https://archive.org/details/tws-89-93
field-earth,Field Earth,,,active,,Japan,Hokkaido,,likely,'4D design' powder boards.,https://snowexplorers.com/article/japan-specific-snow-brands/
fjell,Fjell,,,active,,Norway,,,likely,Minimalist Scandinavian shapes.,https://www.fieldmag.com/articles/most-influential-international-snowboard-brands
flite,Flite,,1992,defunct,Steve Derrah,USA,"Newport, Rhode Island (later Fall River MA, then Seattle)",,verified,"Derrah started with skateboards 1974 and prototyped snurfer-style decks by 1975; snowboards early 1980s (VTSSM says 1982). Introduced Hy-Bak binding (Jeff Grell). Ceased 1992. Founding year of the snowboard brand not firmly documented. | ISM 1988 address 58 Kingston Avenue, Newport, RI. Snowboarder timeline notes Flite boards with highback bindings in 1983.",http://www.illicitsnowboarding.com/2012/03/legends-of-fallen-vintage-snowboard.html | https://www.michigansnowboardmuseum.com/the-neon-era--other-80s-decks.html | https://www.vtssm.org/snowboarding | https://360guide.info/snowboarding/snowboard-history.html | https://archive.org/details/ISM-87-91 | https://www.snowboarder.com/news/snowboard-history-timeline-part-21980s
flow,Flow,1996,,active,Neil Pryde and Reinhardt Hansen,USA,,Nidecker Group (2016),verified,Speed-entry binding pioneer that expanded to boards and boots; merged with Nidecker bindings 2024. | Best known for rear-entry bindings (Whitelines); board line 2008-2012 in SnowDB. Parent company not confirmed from sources consulted.,https://whitelines.com/brands/flow | https://grokipedia.com/page/Nidecker | https://www.absolute-snow.com/articles/40-years-of-nidecker-snowboards | https://whitelines.com/snowboard-gear/before-you-buy/guide-to-snowboard-brands.html | https://www.snowdb.com/catalog/flow
forum,Forum,1996,2014,revived,Peter Line (with Four Star Distribution),USA,"Irvine, California",Reeflection Brands (2022 relaunch); Burton 2004-2014,verified,"The 'Forum 8' team; Burton bought Four Star's The Program brands 2004; production ceased 2012, closed 2014. Relaunched 2022 by Peter Line, Jeremy Jones and Mike MacIntyre. | Famous for the 'Forum 8' team (JP Walker, Jeremy Jones, Joni Malmi, Wille Yli-Luoma, Bjorn Leines, Devun Walsh, Chris Dufficy, Peter Line). Bought by Burton 2004; production ceased 2012, closed 2014; relaunched Oct 2022 by Peter Line, Jeremy Jones and Mike MacIntyre, boards built at Capita's Mothership.",https://www.the-house.com/portal/forum-company-history/ | https://whitelines.com/brands/forum | https://snowbrains.com/forum-forever-forum-snowboards-is-back-again-but-for-real-this-time/ | https://whitelines.com/archive/news/burton-snowboards-to-drop-forum-and-make-other-big-changes.html
foursquare,Foursquare,,2014,defunct,,USA,"Irvine, California",Burton (2004-2014); Four Star Distribution before,likely,Forum sibling (outerwear); dropped by Burton winter 2014.,https://whitelines.com/archive/news/burton-snowboards-to-drop-forum-and-make-other-big-changes.html | https://www.the-house.com/portal/forum-company-history/
franco-snowshapes,Franco Snowshapes,2009,,active,Mikey Franco,USA,"Victor, Idaho (showroom Teton Village, Wyoming)",,likely,"Fully custom boards inspired by Taro Tamai. | Custom shaper; factory opened June 2020 in Victor, ID; showroom Teton Village, WY. No fixed model catalog sourced.",https://francosnowshapes.com/ | https://www.francosnowshapes.com/
freeway,Freeway,,,defunct,,Germany,,,likely,1980s West German.,https://www.michigansnowboardmuseum.com/old-snowboard-reference-list.html
frople,Frople,1989,2009,defunct,,Czech Republic,,,likely,,http://www.illicitsnowboarding.com/2012/01/made-in-snowboard-brands-from.html
funky,Funky,,,defunct,,USA,New Hampshire,,likely,Neon-era brand (Pro SE 1988); Todd Richards rode for them. Museum neon page calls it European.,https://www.michigansnowboardmuseum.com/old-snowboard-reference-list.html | https://www.michigansnowboardmuseum.com/the-neon-era--other-80s-decks.html | https://www.snowboarder.com/news/the-forgotten-snowboard-brands
gentemstick,Gentemstick,1998,,active,Taro Tamai (with two partners),Japan,"Niseko, Hokkaido",,verified,"Snowsurf pioneer; TT model 1989 preceded the company; Mantaray, Hornet. | Snowsurf brand; Niseko showroom. Founding details not on fetched pages.",https://www.niseko.ne.jp/en/news/niseko-snowboard-icon-gentemstick-celebrates-20-years/ | https://www.boardsportsource.com/brand-profile-gentemstick-bringing-a-more-natural-surf-inspired-approach-back-to-snowboarding/ | https://www.fieldmag.com/articles/most-influential-international-snowboard-brands | https://gentemstick.com/en/collections/snowboards | https://gentemstick.com/en/pages/philosophy
glissade,Glissade,,,dormant,Greg Pronko,USA,,,likely,High-end boards and materials R&D; profiled as a survivor in 1999. Current status not verified.,https://jeffharbaugh.com/hey-how-come-youre-still-around-conversations-with-survivors/
gnu,GNU,1977,,active,Mike Olson (with Pete Saari),USA,"Sequim, Washington",Mervin Manufacturing (Altamont Capital; formerly Quiksilver 1997-2013),verified,"Mike Olson built his first board in 1977; Olson and Saari started the company after leaving college in 1984. Antigravity (1988) among first mass-produced sidecut/camber boards. Sold to Quiksilver Aug 1997 with Mervin/Lib Tech. Handbuilt at Mervin Manufacturing in Washington. | gnu.com 'About' gives 1977 (the Mervin/Mike Olson origin); Whitelines dates the Gnu brand to the 1980s (Mike Olson, Pete Saari). Handmade at Mervin in Sequim, WA. 1988 Antigravity is in the Michigan Snowboard Museum.",https://www.gnu.com/about-us | https://www.mervin.com/about/history/ | https://whitelines.com/brands/gnu-snowboards | https://www.michigansnowboardmuseum.com/the-neon-era--other-80s-decks.html | https://www.snowboarder.com/news/a-brief-history-of-mergers-in-the-snowboarding-world | https://whitelines.com/snowboard-gear/before-you-buy/guide-to-snowboard-brands.html
goltes,Goltes,1987,,active,,Slovenia,,,likely,Race and freeride boards; 'Domace znanje za domace boardarje'.,https://carver.si/snowboards/goltes_snowboards
gordon-smith,Gordon & Smith,,,defunct,,USA,California,,likely,"Skate company's snowboard c.1987, P-Tex top and bottom.",https://www.michigansnowboardmuseum.com/the-neon-era--other-80s-decks.html | https://www.michigansnowboardmuseum.com/old-snowboard-reference-list.html
gray,Gray,,,active,,Japan,,,likely,Free-carving and freestyle models.,https://snowexplorers.com/article/japan-specific-snow-brands/ | https://carversconnection.com/community/hard-boot/carving-snowboards-manufacturers-and-wbsite-links/
green-lab,Green Lab,,,active,,Japan,Nagano,,likely,,https://snowexplorers.com/article/japan-specific-snow-brands/
gromel,Gromel,1988,1993,defunct,Aleksey Ostatnigrosh,Russia,,,likely,Only brand actually building boards in Russia; founder later built custom boards from Ohio.,http://www.illicitsnowboarding.com/2012/01/made-in-snowboard-brands-from.html
hackboards,Hackboards,2002,,active,,Czech Republic,,,likely,Runs its own snowpark.,http://www.illicitsnowboarding.com/2012/01/made-in-snowboard-brands-from.html
hammarplast-ski-board,Hammarplast Ski-Board,1977,,defunct,Arne Darnell (designer),Sweden,,Hammarplast,likely,"Swedish household plastics company's snurfer-type board; sold ~70,000 in first year. Listed as 'Snowplast Hammerplast' on the Michigan museum list.",http://www.illicitsnowboarding.com/2013/04/legends-of-fallen-ii-stickers-of-lost.html | https://www.michigansnowboardmuseum.com/old-snowboard-reference-list.html
hammer,Hammer,,,defunct,,France,,Grand Chavin (with Hot); merged with A Snowboards 1997,likely,Listed on SnowDB.,https://www.snowboarder.com/news/a-brief-history-of-mergers-in-the-snowboarding-world | https://www.snowdb.com/
hayes-brothers,Hayes Brothers,1997,,dormant,,USA,"Londonderry, Vermont",,likely,Current status not verified.,https://www.vtssm.org/snowboarding
head,Head,,,active,Howard Head,Austria,"Kennelbach (founded Baltimore, USA)",Head NV (Johan Eliasch),verified,"Ski/tennis group; snowboard line grew from the fusion of small brand Blax with Head. Whitelines A-Z dates the snowboard entry to 2000. | Whitelines: Head snowboard division started 2000/2001 (Klaus Thurner, Charly Messmer). 2008-2012 boards in SnowDB.",https://grokipedia.com/page/Head_(company) | https://whitelines.com/brands/head | https://whitelines.com/snowboard-gear/before-you-buy/guide-to-snowboard-brands.html | https://www.michigansnowboardmuseum.com/old-snowboard-reference-list.html | https://www.snowdb.com/catalog/head
heavy-tools,Heavy Tools,,,defunct,,,,,likely,European neon-era entry; Flip model 1989.,https://www.michigansnowboardmuseum.com/the-neon-era--other-80s-decks.html | https://www.michigansnowboardmuseum.com/old-snowboard-reference-list.html
heelside,Heelside,,,dormant,Jim Ferguson,USA,,,likely,"Started as a boot company, expanded to boards (late 1990s); listed on SnowDB. Current status not verified.",https://jeffharbaugh.com/hey-how-come-youre-still-around-conversations-with-survivors/ | https://www.snowdb.com/
hf,HF,,,defunct,,France,Pyrenees,,likely,Early 1980s.,https://www.michigansnowboardmuseum.com/old-snowboard-reference-list.html
hiper,Hiper,1980,,defunct,Myron Knapschafer,USA,"Denver, Colorado",,verified,Hyperslick base.,https://www.summitdaily.com/news/innovation-drove-smaller-colorado-snowboard-companies/ | https://www.michigansnowboardmuseum.com/old-snowboard-reference-list.html
hooger-booger,Hooger Booger,1983,,defunct,Jose Fernandes and Antoine Massy,Switzerland,Bern,Scott (late 1980s),verified,"Pioneered asymmetric sidecuts; neon pink 'feather' branding. Bought by Scott Corporation and later discontinued. | ISM 1988: 'Sporting Goods by Kitchener', Bern. TWS Oct 1992: making boards for ten years, claims first modern asymmetrical boards (Snowboarder timeline: asym board 1986).",http://www.illicitsnowboarding.com/2012/03/legends-of-fallen-vintage-snowboard.html | https://www.michigansnowboardmuseum.com/the-neon-era--other-80s-decks.html | https://www.michigansnowboardmuseum.com/old-snowboard-reference-list.html | https://snowboarding8090.com/history/ | https://archive.org/details/ISM-87-91 | https://archive.org/details/tws-89-93 | https://www.snowboarder.com/news/snowboard-history-timeline-part-21980s
hot,HOT,1984,,revived,Serge Dupraz,Switzerland,near Lake Geneva (Swiss-French border),,verified,"Founded winter 1983/84; Revolution (1988) and One Sixty enabled extreme carving. Dupraz licensed production 1990 and left 1991; brand disappeared, later owned by Grand Chavin (with Hammer) which merged with A Snowboards in 1997. Relaunched by Dupraz in 2019. | Michigan museum reference list dates Hot to 1984; Revolution model 1988.",https://www.boardsportsource.com/legend-serge-dupraz-resurrects-hot-snowboards-brand-profile/ | https://www.michigansnowboardmuseum.com/the-neon-era--other-80s-decks.html | https://www.michigansnowboardmuseum.com/old-snowboard-reference-list.html | https://www.snowboarder.com/news/a-brief-history-of-mergers-in-the-snowboarding-world | https://archive.org/details/tws-89-93
icon,Icon,2000,,dormant,,Finland,,,likely,'Immortal Cowboys Of North Oy'; own Finnish factory; listed on SnowDB.,http://www.illicitsnowboarding.com/2012/01/made-in-snowboard-brands-from.html | https://www.snowdb.com/
imperium,Imperium,2004,,dormant,Demir Julia,Belgium,"Les Arcs, France",United Brands (2009),likely,Hip-hop styled boards; Austrian OEM. Current status not verified.,http://www.illicitsnowboarding.com/2012/01/made-in-snowboard-brands-from.html
inferno,Inferno,,,defunct,,Austria,Pinzgau,,likely,Late 1980s.,https://www.michigansnowboardmuseum.com/old-snowboard-reference-list.html
jacks,Jacks,,,defunct,,Italy,,,likely,,https://www.michigansnowboardmuseum.com/old-snowboard-reference-list.html
jasey-jay-anderson,Jasey-Jay Anderson,,,active,Jasey-Jay Anderson,Canada,,,likely,Race boards by the Olympic champion.,https://carversconnection.com/community/hard-boot/carving-snowboards-manufacturers-and-wbsite-links/
joint,Joint,2011,,dormant,,Russia,Novosibirsk,,likely,,http://www.illicitsnowboarding.com/2012/01/made-in-snowboard-brands-from.html
jones,Jones,2009,,active,Jeremy Jones,USA,"Truckee, California",Nidecker Group (Nidecker US Inc.),verified,Freeride/splitboard focus; partnership with Nidecker from 2011. | Freeride/splitboard brand founded with Nidecker; Wikipedia gives 2009 (infobox) or 2010 (body).,https://www.jonessnowboards.com/pages/our-story | https://www.ndk.swiss/heritage/ | https://whitelines.com/snowboard-gear/before-you-buy/guide-to-snowboard-brands.html | https://en.wikipedia.org/wiki/Jones_Snowboards
joyride,Joyride,,,revived,Andy Shotts,Canada,"Fairplay, Colorado",,likely,"Mid-1990s street/skate-inspired brand (Plan B / Danny Way collaboration); now reissuing original boards. | Early-1990s brand; five boards (1992-1993) catalogued at Retro Snow museum. No other facts confirmed. | TWS Oct 1993: Solid facility run by Joyride founder Andy Shotts in Fairplay, CO; Ken Greenguard president.",https://joyride-snowboards.com/history.html | https://retrosnow.com/product-category/joyride/ | https://archive.org/details/tws-89-93
k2,K2,1962,,active,Bill and Don Kirschner,USA,"Seattle, Washington (founded Vashon Island)","Elevate Outdoor Collective (Kohlberg & Co, 2017)",verified,"Ski maker; snowboards from 1987/88 (Gyrator). Bought Morrow assets (Mar 1999) and Ride (Aug 1999). Jarden 2007, Newell 2016, Kohlberg 2017. | K2 Snowboards; first model Gyrator per Whitelines. | Ski maker; snowboard line started 1988 (The-House K2 history). Fatbob pioneered variable-width theory; Clicker step-in 1995.",https://www.the-house.com/portal/history-of-k2/ | https://grokipedia.com/page/K2_Sports | https://www.michigansnowboardmuseum.com/the-neon-era--other-80s-decks.html | https://www.snowboarder.com/news/a-brief-history-of-mergers-in-the-snowboarding-world | https://whitelines.com/snowboard-gear/before-you-buy/guide-to-snowboard-brands.html
kemper,Kemper,1987,,revived,David Kemper (with George Pappas),Canada,"Park City, Utah (revived); originally Ontario, then Montreal and Austria",,verified,"Garage production in Ontario 1984/85; company 1987; Romney Group partnership 1989; sold to California Pro (inline skates) Aug 1994 for $1M; out of business c.1996. Relaunched 2018 by Jib Hunt; moved to Park City 2019. SnowBrains reports it ceased again in 2022. | Wikipedia: incorporated 1987 (handmade from 1983), moved to Montreal then Austria production, sold to California Pro 1994, closed mid-1990s, relaunched 2018 with reissues of original graphics. ISM 1988 address 1775 Blythe Road, Mississauga.",http://www.illicitsnowboarding.com/2012/03/legends-of-fallen-vintage-snowboard.html | https://www.boardsportsource.com/bringing-retro-back-kemper-snowboards-relaunch-with-classic-shapes/ | https://kempersnowboards.wordpress.com/2020/11/27/kemper-snowboards-the-iconic-snowboard-brand-from-the-1980s/ | https://www.snowboarder.com/news/snowboard-history-timeline-part-31990s | https://snowbrains.com/top-5-most-missed-snowboard-brands-according-to-snowbrains-readers/ | https://en.wikipedia.org/wiki/Kemper_Snowboards | https://archive.org/details/ISM-87-91
kessler,Kessler,1988,,active,Hansjurg Kessler,Switzerland,,,verified,"Race/alpine boards; Kessler Shape Technology; most-winning race board maker at Olympics and Worlds. | Kessler Ski & Snowboards; site is JS-only, model list not extracted. THIN.",https://www.absolute-snow.com/brands/kessler | https://i-carve.com/snowboards/kessler_snowboards | https://carversconnection.com/community/hard-boot/carving-snowboards-manufacturers-and-wbsite-links/ | https://www.kessler-swiss.com/
kneissl,Kneissl,,,defunct,,Austria,,,likely,"Austrian ski maker (company roots 1862, skis since 1900 per museum page); brief snowboard entry, Pipestar c.1989/90. Also Largo Bigfoot. Snowboard-line start year not documented.",https://www.michigansnowboardmuseum.com/the-neon-era--other-80s-decks.html | https://www.michigansnowboardmuseum.com/old-snowboard-reference-list.html
korua-shapes,Korua Shapes,2012,,active,Stephan Maurer and Nicolas Wolken,Germany,Brannenburg,,verified,Japan-inspired carving/powder shapes; Whitelines A-Z dates 2014. | Brand site says inspired by a 2012 Japan trip; Whitelines gives founding 2014. Carving/powder shapes; Plus line is stiffer versions.,https://koruashapes.com/pages/our-story | https://whitelines.com/snowboard-gear/before-you-buy/guide-to-snowboard-brands.html | https://www.fieldmag.com/articles/most-influential-international-snowboard-brands | https://www.koruashapes.com/pages/our-story
lacroix,LaCroix,,,defunct,,,,Surf Politix (Oct 1996),likely,Bankrupt within two years of the sale.,https://www.snowboarder.com/news/a-brief-history-of-mergers-in-the-snowboarding-world
lamar,Lamar,1989,,dormant,Bert LaMar,USA,,Gen-X Sports (Aug 1998) / Global Sports,verified,"Bert LaMar (1987 World Halfpipe Champion; earlier Look Lamar boards) started Lamar from a garage in 1989; sold to Gen-X 1998. Continued as a price-point brand into the 2010s (Snowboarder 2011 preview, SnowDB). | Appears as its own brand ('LaMar') in TWS guides from the Oct 1991 issue after the Look Lamar era.",https://snowboarding8090.com/boards-1980-1995/ | https://www.snowboarder.com/news/a-brief-history-of-mergers-in-the-snowboarding-world | https://www.snowdb.com/ | https://www.michigansnowboardmuseum.com/old-snowboard-reference-list.html | https://archive.org/details/tws-89-93 | https://snowboarder.com/transworld-snowboarding-archive/snowboarding-photos/9900-product-preview-j-l
lib-tech,Lib Tech,1990,,active,Mike Olson and Pete Saari,USA,"Sequim, Washington",Mervin Manufacturing (Altamont Capital; formerly Quiksilver 1997-2013),verified,"'Liberace Technologies'; launched 1990 as a second Mervin brand. Magne-Traction (2004), Skate Banana (2006). Quiksilver bought Mervin in Aug 1997 for $7M. | Lib Tech history page references its first rider Kris Jamieson in 1990 and Jamie Lynn from 1993; early-90s boards (Emma Peel 1992) in museums. Introduced Magne-Traction (2004) and Banana rocker (Skate Banana, 2006/07). Founding year not stated on the pages consulted.",https://www.lib-tech.com/about-lib-tech/history | https://www.mervin.com/about/history/ | https://www.michigansnowboardmuseum.com/the-neon-era--other-80s-decks.html | https://www.snowboarder.com/news/a-brief-history-of-mergers-in-the-snowboarding-world | https://www.snowboarder.com/snowboarders/history-mervin-surf-skate-snow | https://whitelines.com/snowboard-gear/before-you-buy/guide-to-snowboard-brands.html
limited,Limited,1993,,defunct,Perry Gladstone (with Ricardo Camargo),Canada,"Toronto, Ontario","Volant (1998), then Gen-X/Global Sports (1999)",verified,Grew from a kitchen to Canada's largest snowboard maker in the mid-90s; launched Vehicle Magazine 1995. Trademark expunged; LTD name later used on price-point boards (SnowDB).,https://grokipedia.com/page/limited_snowboards | https://www.snowboarder.com/news/a-brief-history-of-mergers-in-the-snowboarding-world | https://www.snowdb.com/
liquid,Liquid,1994,,defunct,,USA,"Preston, Washington",Ride,verified,"Ride's lower-priced brand for regional/large-format retailers, introduced 1994.",https://www.encyclopedia.com/books/politics-and-business-magazines/ride-inc | https://www.the-house.com/portal/ride-inc-history/
lobster,Lobster,2011,2025,defunct,Eiki and Halldor Helgason,Iceland,,Nidecker Group,verified,Twin freestyle boards with Bataleon 3BT; phased out by Nidecker in 2025. | Uses Bataleon Triple Base Technology; made with Low Pressure Studio.,https://whitelines.com/brands/lobster | http://www.illicitsnowboarding.com/2012/01/made-in-snowboard-brands-from.html | https://grokipedia.com/page/Nidecker | https://whitelines.com/snowboard-gear/before-you-buy/guide-to-snowboard-brands.html
local-motion,Local Motion,,,defunct,,USA,Hawaii,,likely,,https://www.michigansnowboardmuseum.com/old-snowboard-reference-list.html
look,Look,1986,1994,defunct,,France,,,verified,French binding maker's snowboard line; Bert Lamar Freestyle 'Trick Stick' (1988) claimed as first twin-tip freestyle board. Faded by 1994. | Ski-binding maker whose snowboard line (1988-1991 in sources) carried the Bert Lamar pro models before Lamar became its own brand.,http://www.illicitsnowboarding.com/2012/03/legends-of-fallen-vintage-snowboard.html | https://www.michigansnowboardmuseum.com/the-neon-era--other-80s-decks.html | https://www.michigansnowboardmuseum.com/old-snowboard-reference-list.html | https://archive.org/details/ISM-87-91 | https://archive.org/details/tws-89-93
mambo,Mambo,,,defunct,,Australia,,,likely,,https://www.michigansnowboardmuseum.com/old-snowboard-reference-list.html
meatfly,Meatfly,1995,,active,,Czech Republic,,,likely,Best known for outerwear; 19 boards in 2012.,http://www.illicitsnowboarding.com/2012/01/made-in-snowboard-brands-from.html
mistral,Mistral,,,defunct,,Netherlands,,,likely,"Windsurf company entered snowboards 1987 (Swallowtail model, tri-groove base). Michigan museum lists a Mistral in Maryland. Mistral group bought Fanatic (incl. snowboard brands) in 1999. | Windsurf brand with snowboards from 1987 (swallowtail) through the early 1990s.",https://www.michigansnowboardmuseum.com/the-neon-era--other-80s-decks.html | https://www.michigansnowboardmuseum.com/old-snowboard-reference-list.html | https://www.windsurf.co.uk/fanatic-40-winning-history/ | https://archive.org/details/ISM-87-91 | https://archive.org/details/tws-89-93
morrow,Morrow,1989,,defunct,Rob Morrow and Neil Morrow,USA,"Salem, Oregon",K2 (assets bought March 1999),verified,"Blaze (1990) first board; carbon torsion box, spoon nose, Lunchtray short park board. Went public Dec 1995; bought Westbeach 1997; assets to K2 1999 and faded as a price-point brand. Todd Richards runs an archive Instagram (2024). | Founded October 1989 (Snowboarder timeline); went public 1995; bought by K2 around 2000 (Retro Snow).",https://www.snowboarder.com/news/morrow-snowboards-instagram-march-2024 | https://www.michigansnowboardmuseum.com/the-neon-era--other-80s-decks.html | https://www.snowboarder.com/news/a-brief-history-of-mergers-in-the-snowboarding-world | https://www.snowboarder.com/news/snowboard-history-timeline-part-31990s | https://snowbrains.com/top-5-most-missed-snowboard-brands-according-to-snowbrains-readers/ | https://www.snowboarder.com/news/snowboard-history-timeline-part-21980s | https://retrosnow.com/shop/morrow/libtech-91-morrow/morrow-blaze/
mosirita,Mosirita,,,active,,Japan,Hokkaido,,likely,Hand-crafted custom boards.,https://snowexplorers.com/article/japan-specific-snow-brands/
moss-snowstick,Moss Snowstick,1971,,active,Shinzo Tanuma,Japan,,,verified,Japanese snowsurf pioneer; brand dates itself to 1971. First Moss snowsurf line 1979; Snowstick V-1 1981. Michigan museum credits 'Shinzo Kamakura' (Kamakura is the Shonan location). | Japanese snowsurf pioneer; site states established 1971.,https://mosssnowstick.com/ | https://www.fieldmag.com/articles/most-influential-international-snowboard-brands | https://snowexplorers.com/article/japan-specific-snow-brands/ | https://www.michigansnowboardmuseum.com/the-neon-era--other-80s-decks.html | https://www.mosssnowstick.com/
naked-boards,Naked Boards,,,defunct,,USA,California,,likely,Factory became Aggression.,https://www.michigansnowboardmuseum.com/old-snowboard-reference-list.html
nash-skifer,Nash Skifer,1969,,defunct,,USA,,Nash (water ski maker),likely,Snurfer-type board from water-ski maker Nash.,http://www.illicitsnowboarding.com/2013/04/legends-of-fallen-ii-stickers-of-lost.html | https://www.michigansnowboardmuseum.com/old-snowboard-reference-list.html
nectar,Nectar,,,defunct,,USA,California,,likely,,https://www.michigansnowboardmuseum.com/old-snowboard-reference-list.html
never-summer,Never Summer,1991,,active,Tracey Canaday and Tim Canaday,USA,"Denver, Colorado",,verified,"Handcrafted in Denver; first patent on hybrid rocker/camber. Only surviving Colorado-native manufacturer; builds for Sims and Academy. | Brand history page: established 1991 in Denver; timeline back to 1983 (Canaday brothers' early boards, per Whitelines). | Hand-built in Denver.",https://www.neversummer.com/pages/about-us | https://www.summitdaily.com/news/innovation-drove-smaller-colorado-snowboard-companies/ | https://whitelines.com/brands/never-summer | https://neversummer.com/pages/never-summers-history | https://whitelines.com/snowboard-gear/before-you-buy/guide-to-snowboard-brands.html
niche,Niche,2009,,active,,USA,"Salt Lake City, Utah",,verified,"Female-founded; eco materials; Recyclamine recyclable boards. | Niche Snowboards; catalogs on Issuu published by Ana Van Pelt for 2016/17, 2018/19, 2020/21 seasons. Model names not extracted (Issuu content not readable). THIN.",https://www.nichesnowboards.com/pages/about | https://issuu.com/nichesnowboards/docs/niche_snowboards_1617_catalog_issuu
nidecker,Nidecker,,,active,Henri Nidecker,Switzerland,Rolle,Nidecker Group,verified,"Wood workshop in Etoy 1887; skis 1912; first 50 snowboards handcrafted in Rolle 1984; snowboard-only from 1987. First asymmetric board 1990. Nidecker Group (2008) owns Jones, YES, Flow (2016), Rome (2018), Bataleon, Lobster, thirtytwo/etnies (2024). | Whitelines: company founded 1887, snowboards since 1984. 1988 Nidecker Lipstick in Michigan Snowboard Museum. | Snowboards since 1984; Lake Geneva region; Megalight/Ultralight innovations.",https://www.ndk.swiss/heritage/ | https://www.ndk.group/ | https://www.absolute-snow.com/articles/40-years-of-nidecker-snowboards | https://grokipedia.com/page/Nidecker | https://whitelines.com/snowboard-gear/before-you-buy/guide-to-snowboard-brands.html | https://www.michigansnowboardmuseum.com/the-neon-era--other-80s-decks.html | https://www.evo.com/shop/snowboard/snowboards/nidecker
nitro,Nitro,1990,,active,Tommy Delago and Sepp Ardelt,USA,"Hunenberg, Switzerland (founded Seattle; development Oberammergau, Germany)",,verified,"Formed 1989, production 1990 (Fusion first-year board). 50% sold to Dolomite Jan 1997, merged into Tecnica 1998; later independent again. Subsidiaries Nitro/Raiden bindings, L1 outerwear. Snowboarder-owned. | Founded 1990 in Seattle; HQ now Hunenberg, Switzerland; privately owned. Michigan Snowboard Museum notes 'formed in 1989 / established 1990'. | Development in Oberammergau, Germany. | Michigan museum dates Nitro to 1989/1990; first models Fusion, Pyro, EFT documented for model year 1991.",https://www.nitrosnowboards.com/pages/history-heritage | https://onboardmag.com/brands/nitro-snowboards | https://de.wikipedia.org/wiki/Nitro_Snowboards | https://www.michigansnowboardmuseum.com/old-snowboard-reference-list.html | https://www.snowboarder.com/news/a-brief-history-of-mergers-in-the-snowboarding-world | https://www.snowboard-zezula.com/blog/791/nitro-snowboards-30th-anniversary | https://whitelines.com/snowboard-gear/before-you-buy/guide-to-snowboard-brands.html | https://www.michigansnowboardmuseum.com/the-neon-era--other-80s-decks.html | https://archive.org/details/ISM-87-91
nobile,Nobile,1994,,active,Dariusz Rosiak,Poland,Bielsko-Biala,Nobile Sports Sp. z o.o.,verified,Started for snowboards; kiteboards from 2004; handmade in Europe. | Factory also builds for other brands (e.g. Slash).,https://www.boardsportsource.com/nobile-premium-made-in-europe/ | https://carversconnection.com/community/hard-boot/carving-snowboards-manufacturers-and-wbsite-links/ | https://nobilesports.com/ | https://www.boardsportsource.com/slash-by-gigi-snowboards-preview-24-25/
o-matic,O-Matic,,,dormant,,,,,likely,Listed on SnowDB catalog. Current status not verified.,https://www.snowdb.com/
oes,OES,,,active,,Spain,,,likely,OnEdge Style (oes.cat).,https://carversconnection.com/community/hard-boot/carving-snowboards-manufacturers-and-wbsite-links/
ogasaka,Ogasaka,,,active,Hamataro Ogasaka,Japan,Nagano (Iiyama),Ogasaka Ski Manufacturing,verified,Japan's oldest ski maker; first snowboards 1985. | Ski maker founded 1912; snowboard start year not stated.,https://www.ogasaka-ski.co.jp/la/en/about/history/ | https://carversconnection.com/community/hard-boot/carving-snowboards-manufacturers-and-wbsite-links/ | https://www.ogasaka-snowboard.com/company.html
omni,Omni,1986,,defunct,,Australia,,,likely,Small batch; originally a skate maker.,https://www.michigansnowboardmuseum.com/old-snowboard-reference-list.html
option,Option,1992,,defunct,Lindsay Rogers (Geoff Power president),Canada,"Vancouver, British Columbia",,verified,"Formed 1991/Aug 1992 from Powder Stick; Canadian Exporter of the Year 1997; acquired NFA apparel. Vancouver factory later home to Wired. | Pique Newsmagazine: independent Vancouver manufacturer, CEO Geoff Power, 86 employees and 1997 sales over $6M; Kevin Sansalone and Chris Dufficy pro models. Last catalog seen is 2008/09 (SnowDB, Shayboarder). Closure year not confirmed.",https://www.snowboardmaterials.com/index.php/about-us | https://jeffharbaugh.com/hey-how-come-youre-still-around-conversations-with-survivors/ | https://gdharries.com/journal/twenty-eight-years-of-snowboards | https://kingsnowboard.com/blogs/features/wired-snowboards-made-in-canada | https://www.snowdb.com/ | https://www.piquenewsmagazine.com/whistler-news/option-boards-2458356 | https://www.snowdb.com/catalog/option | https://www.shayboarder.com/2008/02/option-snowboards-2008-2009.html
original-sin,Original Sin,,,defunct,,USA,,,likely,Documented here only via the 1997 women's preview (Team series).,https://snowboarder.com/featured/1997-preview-of-womens-snowboard-equipment
outland,Outland,1983,1984,defunct,James Kalssen (with Neil Daffern),Canada,British Columbia,,likely,,https://www.michigansnowboardmuseum.com/old-snowboard-reference-list.html
oxess,Oxess,1993,,active,Marcel Brunner,Switzerland,,,verified,"Race/carving boards and skis; garage start; CNC investment 2013-14. | Swiss race/carve manufacturer; hardboot, softboot and skwal boards.",https://oxess.ch/pages/company-introduction | https://carversconnection.com/community/hard-boot/carving-snowboards-manufacturers-and-wbsite-links/ | https://www.oxess.ch/
oxygen,Oxygen,,,defunct,,Austria,,Atomic,likely,"Atomic-owned 1990s snowboard brand (e.g. Dangerous 170, 1997/98; 1993 Oxygen Xe). Founding year not documented. | Only documented here for model year 2000 (Vibe, Supercross).",https://grokipedia.com/page/Atomic_Skis | https://gdharries.com/journal/twenty-eight-years-of-snowboards | https://www.snowboarder.com/news/snowboard-lifes-top-25-board-test-2000 | https://www.snowboarder.com/news/board-test-board-specs
palmer,Palmer,1995,,active,Shaun Palmer,USA,,,likely,"Honeycomb, Crown race board; prepreg carbon Platinum line. | Snowboarder (2003): established 1995 by Shaun Palmer; known for honeycomb cores, cap sidewalls, inlaid bases and the Power Link System. Catalog seen through 2011/12; Palmer-branded boards still sold by European retailers.",https://www.absolute-snow.com/brands/palmer | https://www.snowdb.com/ | https://www.snowboarder.com/news/palmers-new-crown-and-shock-boards | https://www.snowdb.com/catalog/palmer | https://www.glisshop.co.uk/snowboard/pack-board-bindings/palmer/
pogo,Pogo,1983,,active,Martin Sammet and Jogi Marz,Germany,Hosslinsulz,,verified,Handmade one-off snowboards/longboards; lifetime guarantee; 40th anniversary 2023.,https://www.sata.com/en-amn/information/practice-reports/boards-that-mean-the-world | https://www.michigansnowboardmuseum.com/old-snowboard-reference-list.html
powder-stick,Powder Stick,1983,1992,defunct,Lindsay Rogers,Canada,"Calgary, Alberta",,verified,One of the first Canadian brands; became Option Snowboards (1991/92).,https://www.snowboardmaterials.com/index.php/about-us | https://www.michigansnowboardmuseum.com/old-snowboard-reference-list.html
prana-punks,Prana Punks,,,active,Naoyuki Watanabe,Japan,,,likely,Kiso hinoki cypress cores.,https://snowexplorers.com/article/japan-specific-snow-brands/
prior,Prior,1989,,active,Chris Prior,Canada,"Whistler, British Columbia (founded North Vancouver)",,verified,Garage start in North Vancouver; moved to Whistler 1999; splitboards from 1999. Chris Prior died 2017. | Handcrafted at the base of Whistler Mountain since 1989 (Snowboarder 2019 product showroom).,https://www.priorsnow.com/pages/about-us | https://carversconnection.com/community/hard-boot/carving-snowboards-manufacturers-and-wbsite-links/ | https://www.snowboarder.com/news/prior-snowboards-product-showroom-2019
prop,Prop,,,defunct,Matt Donovan,USA,"Santa Barbara, California",,likely,Early 1980s; claimed first twin design.,https://www.michigansnowboardmuseum.com/old-snowboard-reference-list.html
public,Public,2015,,active,Joe Sexton,USA,"Denver, Colorado",,verified,Community-driven brand; PUBLIC Research line 2023/24. | Public Snowboards; launched fall 2016 with shapes designed with Darrell Mathes.,https://publicsnowboards.com/pages/about | https://www.snowboarder.com/gear/joe-sexton-launches-his-new-brand-public-snowboards/
pureboarding,Pureboarding,,,active,,,,,likely,,https://carversconnection.com/community/hard-boot/carving-snowboards-manufacturers-and-wbsite-links/
rabanser,Rabanser,,,active,,Italy,,,likely,,https://carversconnection.com/community/hard-boot/carving-snowboards-manufacturers-and-wbsite-links/
rabbit,Rabbit,1983,,defunct,Anders Wittusen,Norway,Oslo,,likely,"Wittusen also made Mountech, Pee Funk and Utopia boards.",https://www.michigansnowboardmuseum.com/old-snowboard-reference-list.html
rad-air,Rad Air,1991,,active,Harry Gunz (ex-Crazy Banana),Switzerland,,,verified,Tanker model; Volkl bought 49% in 1997; family-run (Fabian Gunz). | Rad-Air; famous for the Tanker longboard.,https://www.boardsportsource.com/new-product/tanker-30-year-anniversary-rad-air/ | http://www.illicitsnowboarding.com/2013/04/legends-of-fallen-ii-stickers-of-lost.html | https://www.snowboarder.com/news/a-brief-history-of-mergers-in-the-snowboarding-world | https://carversconnection.com/community/hard-boot/carving-snowboards-manufacturers-and-wbsite-links/
rebel-skate-snow,Rebel Skate & Snow,,,defunct,,USA,Oregon,,likely,,https://www.michigansnowboardmuseum.com/old-snowboard-reference-list.html
rice28,Rice28,,,active,,Japan,,,likely,Early Japanese freestyle maker.,https://snowexplorers.com/article/japan-specific-snow-brands/
ride,Ride,1992,,active,"Roger Madison, Tim Pogue and James Salter",USA,"Preston, Washington (original)",K2 Sports / Elevate Outdoor Collective (since Aug 1999),verified,"Founded Sept 1992; first pure snowboard NASDAQ stock May 1994. Bought Thermal/5150 (1995), SMP (1995), Device (1997); launched Liquid (1994), Preston, Cappel. Sold to K2 Aug 1999 for $18M. | Slimewalls, Cleave Edge. | First boards for the 1992-93 season; went public on NASDAQ 1994; acquired Liquid, 5150, SMP, Thermal (Ride Manufacturing).",https://www.the-house.com/portal/ride-inc-history/ | https://www.encyclopedia.com/books/politics-and-business-magazines/ride-inc | https://www.snowboarder.com/news/a-brief-history-of-mergers-in-the-snowboarding-world | https://www.snowboarder.com/news/snowboard-history-timeline-part-31990s | https://whitelines.com/snowboard-gear/before-you-buy/guide-to-snowboard-brands.html
ripcurl-snowsurf-co,Ripcurl Snowsurf Co.,,,defunct,Thierry Donnard,Australia,Victoria,,likely,1980s.,https://www.michigansnowboardmuseum.com/old-snowboard-reference-list.html
rome,Rome,2001,,active,Josh Reid and Paul Maravetz,USA,"Waterbury, Vermont",Nidecker Group (2018),verified,"Ex-Burton founders; Agent, Artifact; Nidecker acquired 2018. | Rome SDS; Vermont-based (Whitelines brand guide); city not stated in sources consulted. | Vermont; Snowboard Design Syndicate.",https://www.romesnowboards.com/pages/about | https://whitelines.com/brands/rome-snowboards | https://www.vtssm.org/snowboarding | https://grokipedia.com/page/Nidecker | https://whitelines.com/snowboard-gear/before-you-buy/guide-to-snowboard-brands.html | https://www.evo.com/shop/snowboard/snowboards/rome
rossignol,Rossignol,,,active,Abel Rossignol,France,Saint-Jean-de-Moirans,Altor Equity Partners (from 2013),verified,"Ski maker; entered snowboards 1987 (first-year 'Surf/Bi-plane' 1988). Owned Emery bindings (1997-99), Dynastar. Quiksilver-owned 2005-2008. | French ski manufacturer; 1988 'Rossignol Surf' (Bi-Plane) is in the Michigan Snowboard Museum. Snowboard line active through 2026-27. | Founding details not sourced in this pass. | Ski maker; first snowboard ('Surf') 1988 per Michigan museum; ISM 1988 notes a French-made 160 cm board arriving late in 87/88.",https://grokipedia.com/page/Skis_Rossignol | https://www.michigansnowboardmuseum.com/the-neon-era--other-80s-decks.html | https://www.snowboarder.com/news/a-brief-history-of-mergers-in-the-snowboarding-world | https://www.evo.com/shop/snowboard/snowboards/rossignol | https://archive.org/details/ISM-87-91
roxy,Roxy,1990,,active,,USA,,Quiksilver,verified,"Women's division of Quiksilver; snowboards from 2003, built by Mervin Manufacturing. | Whitelines: Roxy snow since 1997; boards built by Mervin Manufacturing.",https://www.the-house.com/learn/the-history-of-roxy/ | https://www.mervin.com/about/history/ | https://whitelines.com/snowboard-gear/before-you-buy/guide-to-snowboard-brands.html | https://www.snowdb.com/catalog/roxy
salomon,Salomon,,,active,Francois Salomon,France,Annecy (Epagny Metz-Tessy),Amer Sports (Anta) since 2005; Adidas 1997-2005,verified,Snowboards launched 1997; bought Bonfire 1995. Sister brand of Bonfire. | Ski company founded 1947 (Whitelines); snowboard line active through 2026-27. | Snowboards since 1997. | Documented here for model years 1999-2000 only.,https://grokipedia.com/page/Salomon_Group | https://whitelines.com/brands/salomon-snowboards | https://www.snowboarder.com/news/a-brief-history-of-mergers-in-the-snowboarding-world | https://whitelines.com/snowboard-gear/before-you-buy/guide-to-snowboard-brands.html | https://www.evo.com/shop/snowboard/snowboards/salomon | https://www.snowboarder.com/news/how-the-1999-womens-boards-stack-up-a-review | https://www.snowboarder.com/news/snowboard-lifes-top-25-board-test-2000 | https://www.snowboarder.com/news/board-test-board-specs
santa-cruz,Santa Cruz,1989,,defunct,Richard Novak (NHS),USA,,NHS Inc.,verified,"Skate company's snowboard line started 1989/1990; European distribution/development via DNR Sportsystem (Switzerland, Volkl-built), which Marker owned 1995-98 before Novak reacquired it. Later boards listed on SnowDB. | Skateboard company's snowboard line; early-90s boards (1992 DTR 62, Tao; 1994 Chris Roach Genie) in Retro Snow museum; 2008-2012 catalogs in SnowDB with Screaming Hand and other skate graphics. Founding year of the snowboard line not confirmed; current status not verified.",https://www.snowboarder.com/transworld-snowboarding-archive/snowboarding-photos/dnr-sold-to-santa-cruz-owner/ | https://www.snowboarder.com/news/snowboard-history-timeline-part-31990s | https://www.snowboarder.com/news/a-brief-history-of-mergers-in-the-snowboarding-world | https://www.snowdb.com/ | https://retrosnow.com/product-category/santa-cruz/ | https://www.snowdb.com/catalog/santa-cruz
saunzee,Saunzee,,,defunct,,USA,"Holland, Michigan",,likely,Early-80s fiberglass-over-balsa hand-painted boards; ceased mid-1980s (company now a sign maker).,https://www.michigansnowboardmuseum.com/the-neon-era--other-80s-decks.html | https://www.michigansnowboardmuseum.com/old-snowboard-reference-list.html
season-eqpt,Season Eqpt,2020,,active,Austin Smith and Eric Pollard,USA,Oregon,,verified,"Athlete-founded, evo distribution; timeless shapes. | Ski and snowboard brand; snowboards made at SWS. First Climate Neutral Certified ski/snowboard brand. Earliest model year sourced 2021.",https://shop-eat-surf-outdoor.com/press-releases/new-snowboard-and-ski-brand-season-eqpt-launched-by-athletes/499507 | https://en.wikipedia.org/wiki/Eric_Pollard_(skier) | https://www.seasoneqpt.com/collections/snowboards
sense,Sense,,,active,,Slovenia,,,likely,,https://carversconnection.com/community/hard-boot/carving-snowboards-manufacturers-and-wbsite-links/
sentury,Sentury,,,dormant,,,,,likely,Listed on SnowDB catalog. Current status not verified.,https://www.snowdb.com/
sg-snowboards,SG Snowboards,,,active,Sigi Grabner,Austria,,SG Pro Tech Ltd.,likely,Race/freecarve boards by the Olympic medallist; own Austrian production site. | Board history page shows ranges from 2009/10 onward.,https://www.sgsnowboards.com/sg-pro-tech/ | https://carversconnection.com/community/hard-boot/carving-snowboards-manufacturers-and-wbsite-links/ | https://www.sgsnowboards.com/board-history/
shady-sharks,Shady Sharks,1987,,defunct,Carsten Cappi,,,,likely,Made for EBI; low volume.,https://www.michigansnowboardmuseum.com/old-snowboard-reference-list.html
signal,Signal,2004,,active,Dave Lee,USA,"Huntington Beach, California",,verified,In-house factory; Every Third Thursday series; subscription model 2016. | Only 2008/09-2011/12 catalogs consulted (SnowDB). Founding facts not confirmed.,https://www.fastcompany.com/3066463/this-small-independent-brand-wants-to-be-the-netflix-of-snowboarding | https://www.snowdb.com/ | https://www.snowdb.com/catalog/signal
silence,Silence,,,dormant,BK Norman (lead manager),USA,,Investment group that also owned Avalanche,likely,Mid-1990s brand profiled as a survivor in 1999. Current status not verified.,https://jeffharbaugh.com/hey-how-come-youre-still-around-conversations-with-survivors/
sims,Sims,1976,,revived,Tom Sims,USA,"Santa Barbara, California (original)","SIMS Collective Inc. (Japan-based licensee, current)",verified,"Tom Sims built his first 'skiboard' in 1963; company generally dated 1976 (one year before Burton). Licensed to Vision Sports 1980; Sims regained rights from Vision in Feb 1991. Later licensed to Collective Licensing. Tom Sims died 2012; brand relaunched 2015 with Never Summer producing boards, now run by SIMS Collective Inc. | Skateboard brand turned snowboard pioneer; ISM 1988 lists Sims Snowboards Inc. at Costa Mesa, CA. Boards licensed to Vision in the late 1980s, rights regained by Tom Sims in 1991 (Snowboarder timeline). Brand revived in the 2010s/2020s with reissues (Nub, 1550).",https://businessden.com/2016/03/06/sims-snowboards-gets-new-life/ | https://www.boardsportsource.com/brand-profile-inside-the-comeback-of-sims-snowboards/ | https://www.summitdaily.com/news/snowboarding-history-tom-sims-from-skateboards-to-snowboards/ | https://www.simsnow.com/ | https://www.snowboarder.com/news/snowboard-history-timeline-part-31990s | https://www.snowboarder.com/news/snowboard-history-timeline-part-21980s | https://archive.org/details/ISM-87-91
ska-board,Ska Board,1981,,defunct,,USA,Colorado,,likely,,https://www.michigansnowboardmuseum.com/old-snowboard-reference-list.html
skosh,Skosh,1974,1983,defunct,"Bill O'Connell, Carrie Campbell and Scott Dowell",USA,"Littleton, Colorado",,verified,Prototypes from 1974 using skateboard wood-core techniques; folded 1983 amid ski-area resistance.,https://www.summitdaily.com/news/innovation-drove-smaller-colorado-snowboard-companies/ | http://www.illicitsnowboarding.com/2013/04/legends-of-fallen-ii-stickers-of-lost.html | https://www.michigansnowboardmuseum.com/old-snowboard-reference-list.html
skriss,Skriss,1986,1987,defunct,Jeff Grell,USA,Colorado,,likely,'Escape' model.,https://www.michigansnowboardmuseum.com/old-snowboard-reference-list.html
skyrider,Skyrider,,,defunct,,United Kingdom,,,likely,1980s; Big Foot model.,https://www.michigansnowboardmuseum.com/old-snowboard-reference-list.html
slash,Slash,2012,,active,Gigi Ruf,Austria,Innsbruck,,verified,"Launched Jan 2012, built by Nidecker. | Slash By GiGi. Whitelines says founded 2012; Boardsport Source 2023 interview says brand 'becomes a teenager next year' (~2011). Boards made by Nobile (Poland) and Meditec (Tunisia).",https://whitelines.com/archive/news/gigi-rf-launches-snowboard-brand-slash.html | https://www.ndk.swiss/heritage/ | https://whitelines.com/snowboard-gear/before-you-buy/guide-to-snowboard-brands.html | https://www.boardsportsource.com/big-wig-slash-by-gigi/
smokin,Smokin,,,defunct,,,,,likely,Listed on SnowDB; website domain now for sale.,https://www.snowdb.com/ | https://www.smokinsnowboards.com/
snow-surf-lusti,Snow Surf / Lusti,1978,,defunct,Rudi Probstl and Michael Geyer,Germany,Bavaria,,likely,,https://www.michigansnowboardmuseum.com/old-snowboard-reference-list.html
snowtech,Snowtech,1983,,defunct,Ernie DeLost and Doug Baxendell,USA,"Rochester, New York",,verified,Comp GS Pulsar 1987/88.,https://www.vtssm.org/snowboarding | https://www.michigansnowboardmuseum.com/the-neon-era--other-80s-decks.html | https://www.michigansnowboardmuseum.com/old-snowboard-reference-list.html
snurf,Snurf,1983,1987,defunct,R. Backes and the Almuzara brothers,France,,,likely,,https://www.michigansnowboardmuseum.com/old-snowboard-reference-list.html
snurfer,Snurfer,1965,,defunct,Sherman Poppen,USA,"Muskegon, Michigan","Brunswick (licensee, from 1966); later JEM",verified,Invented Christmas 1965 by Sherman Poppen from two kids' skis; licensed to Brunswick 1966 (later JEM). Production ended around 1979-early 1980s. Precursor to the snowboard.,https://www.michigansnowboardmuseum.com/boards-from-the-legends.html | http://www.illicitsnowboarding.com/2012/03/legends-of-fallen-vintage-snowboard.html | https://www.the-house.com/portal/the-history-of-snowboarding/ | https://www.skiinghistory.org/category/snowboard
solid,Solid,1993,,dormant,Neil Rankin and Andy Shotts,USA,"Fairplay, Colorado",,likely,Current status not verified.,https://www.summitdaily.com/news/innovation-drove-smaller-colorado-snowboard-companies/
solo-ski,Solo Ski,,,defunct,Mark Vance and John West,USA,"San Diego, California",,likely,Integral rotating binding.,https://www.michigansnowboardmuseum.com/old-snowboard-reference-list.html
sonic,Sonic,,,defunct,,USA,Southern California,,likely,Stainless steel base.,https://www.michigansnowboardmuseum.com/old-snowboard-reference-list.html
special-blend,Special Blend,,2014,defunct,,USA,"Irvine, California",Burton (2004-2014); Four Star Distribution before,likely,Outerwear-led Forum sibling brand; dropped by Burton winter 2014.,https://whitelines.com/archive/news/burton-snowboards-to-drop-forum-and-make-other-big-changes.html | https://www.the-house.com/portal/forum-company-history/
sporten,Sporten,,,active,,Czech Republic,,,likely,Oldest Czech company making snowboards; major ski OEM.,http://www.illicitsnowboarding.com/2012/01/made-in-snowboard-brands-from.html
static,Static,1996,,defunct,,USA,,Variflex,likely,Formed by Variflex with Barfoot and Plunkett.,https://www.michigansnowboardmuseum.com/the-neon-era--other-80s-decks.html
stepchild,Stepchild,2000,,dormant,Brad Richmond and Sean Johnson,,,,likely,"Jib brand; JP Walker, Simon Chamberlain; 'Child Support' (2007). Current status not verified.",https://whitelines.com/brands/stepchild-snowboards | https://www.snowdb.com/
storm,Storm,,,defunct,,Canada,Alberta,,likely,,https://www.michigansnowboardmuseum.com/old-snowboard-reference-list.html
stranda,Stranda,,,active,,Sweden,,,likely,,https://carversconnection.com/community/hard-boot/carving-snowboards-manufacturers-and-wbsite-links/
summit,Summit,1982,,defunct,Steve Link,USA,"Silverthorne, Colorado",,verified,Also 'Rocky Mountain' boards by Steve Link. Link's shop was later rented by Unity's founders (1995).,https://www.summitdaily.com/news/innovation-drove-smaller-colorado-snowboard-companies/ | https://www.michigansnowboardmuseum.com/old-snowboard-reference-list.html
surfavo,Surfavo,,,defunct,Massimo Di Ponzi,Italy,,,likely,Handmade.,https://www.michigansnowboardmuseum.com/old-snowboard-reference-list.html
surfneige,Surfneige,,,defunct,,France,,,likely,"Aspen-1 (1985), Aspen-2 (1985-86).",https://www.michigansnowboardmuseum.com/old-snowboard-reference-list.html
swell-panik,Swell Panik,,,dormant,,,,,likely,Listed on SnowDB catalog. Current status not verified.,https://www.snowdb.com/
swift,Swift,1983,1986,defunct,"Tracey Canaday, Tim Canaday and Scott Rolfs",USA,Colorado,,verified,Canaday brothers' first brand (Burton-like design) before Never Summer.,https://www.summitdaily.com/news/innovation-drove-smaller-colorado-snowboard-companies/ | https://www.michigansnowboardmuseum.com/old-snowboard-reference-list.html
swoard,Swoard,,,active,,,,,likely,Extreme-carving boards.,https://carversconnection.com/community/hard-boot/carving-snowboards-manufacturers-and-wbsite-links/
technine,Technine,1994,,active,,USA,"Avon, Colorado (Whitelines says later Salt Lake City)",,verified,First baseless binding (1993/94); full snowboard line 2004; MFM pro. Whitelines dates founding 1993.,https://technine.com/pages/about-us | https://whitelines.com/brands/technine | https://www.snowdb.com/
telos,Telos,2018,,active,"Dan Agundes, Eric Luthardt and Ben Schwitz (GP87)",USA,"Denver, Colorado / Mount Shasta, California",GP87 Inc.,verified,Launched 2018/19; built at GP87 (Shenzhen). | Earliest model year sourced 2021.,https://www.boardsportsource.com/telos-snowboards/ | https://telossnowboards.com/pages/about-us | https://thegoodride.com/snowboard-reviews/telos-backslash-snowboard-review/
thirst,Thirst,,,active,,USA,Idaho,,likely,Carving boards.,https://carversconnection.com/community/hard-boot/carving-snowboards-manufacturers-and-wbsite-links/
thirtytwo,ThirtyTwo,1995,,active,,USA,,Nidecker Group (2024),verified,Boot brand; launched snowboards for 2025/26 (built by SWS).,https://www.boardsportsource.com/brand-profile-thirtytwo-is-entering-the-snowboard-market-as-part-of-a-broader-push-to-become-a-full-offer-hardgoods-and-softgoods-brand/ | https://www.ndk.group/
transition,Transition,,,defunct,Wee Willie Winkles,Canada,"Brampton, Ontario",,likely,1980s; invented 'Skyhooks'.,https://www.michigansnowboardmuseum.com/old-snowboard-reference-list.html
type-a,Type A,1993,1999,defunct,Mike Ternasky (Plan B),USA,,Jaysport (1999),verified,,https://www.snowboarder.com/news/snowboard-history-timeline-part-31990s | https://www.snowboarder.com/news/a-brief-history-of-mergers-in-the-snowboarding-world
ultimate-control-boards,Ultimate Control Boards,1981,,defunct,Mike Troppman and Karl Bendele (museum list also names Carl 'Butch' Bronski),USA,"Lakewood, Colorado",,verified,Thermoplastic boards.,https://www.summitdaily.com/news/innovation-drove-smaller-colorado-snowboard-companies/ | https://www.michigansnowboardmuseum.com/old-snowboard-reference-list.html
united-shapes,United Shapes,,,active,,USA,,,likely,"B Corp; made in Europe; 90s-freeride inspired. About page says '10 years since we pushed the lift-off button' (page undated), so c. mid-2010s. | Earliest model year sourced 2017 (Orbit).",https://unitedshapes.com/pages/about-us | https://thegoodride.com/snowboard-reviews/united-shapes-orbit-snowboard-review/
unity,Unity,1995,,active,Pete Wurster and Pavel Krikava,USA,"Silverthorne, Colorado",,verified,"Founded Aug 1995 renting Steve Link's shop; backcountry/powder boards, splitboards.",https://snowboardmag.com/stories/industry-insider-unity-snowboards-pete-wurster | https://www.snowdb.com/
variflex,Variflex,,,defunct,,USA,,,likely,Skate wholesaler; Snow Slider (1982/83) copy of Burton Backyard; formed Static Snowboards (1996) with Barfoot and Plunkett.,https://www.michigansnowboardmuseum.com/the-neon-era--other-80s-decks.html | https://www.michigansnowboardmuseum.com/old-snowboard-reference-list.html | https://www.saltypeaks.com/rare-collectible-vintage-snowboards-for-sale-at-salty-peaks/
vector-glide,Vector Glide,,,active,Masayuki Akiba,Japan,Nagano,,likely,,https://snowexplorers.com/article/japan-specific-snow-brands/
venture,Venture,1999,,active,,USA,"Silverton, Colorado",,verified,Handcrafted snowboards/splitboards; Silverton Banked Slalom hosts.,https://venturesnowboards.com/pages/our-story | https://www.snowdb.com/
vimana,Vimana,2013,,active,,Norway,Stavanger,,verified,Founded by former Session board-shop chain owner; Whitelines A-Z says 2015.,https://pyramidmagazine.com/features/brand-profile-vimana/ | https://whitelines.com/snowboard-gear/before-you-buy/guide-to-snowboard-brands.html
virus,Virus,,,active,,Switzerland,,,likely,Race/carving boards; Zylon fibre.,https://shop.virus-snowsports.com/ | https://carversconnection.com/community/hard-boot/carving-snowboards-manufacturers-and-wbsite-links/
vision,Vision,,,defunct,,USA,,Vision Sports,likely,Skate company that held the Sims snowboard license from 1980; lost it Feb 1991 and began independent snowboard production. | Skate company that produced Sims boards under licence until 1991 and its own Vision boards (Retro Snow lists a 1992 Vision Freestyle).,https://www.snowboarder.com/news/snowboard-history-timeline-part-31990s | https://www.the-house.com/portal/the-history-of-snowboarding/ | https://retrosnow.com/shop/vision/92-vision/vision-freestyle-156/
voile,Voile,1980,,active,,USA,"Salt Lake City, Utah",,verified,Backcountry gear maker; splitboards made in Salt Lake valley.,https://www.voile.com/abus.html | https://www.snowdb.com/
vortex-techtonic,Vortex / Techtonic,,,defunct,,Canada,Quebec,,likely,,https://www.michigansnowboardmuseum.com/old-snowboard-reference-list.html
volkl,Völkl,,,active,Franz Volkl,Germany,Straubing,Elevate Outdoor Collective (Kohlberg),verified,Made boards for Santa Cruz/Sims/Nitro from 1993; own snowboard line 1997; bought 49% of Rad Air 1997. | Ski manufacturer; snowboards seen in SnowDB 2008/09-2011/12 only. Status of snowboard line not confirmed.,https://whitelines.com/brands/volkl | https://grokipedia.com/page/V%C3%B6lkl | https://www.snowboarder.com/news/a-brief-history-of-mergers-in-the-snowboarding-world | https://www.snowdb.com/catalog/voelkl
wave,Wave,,,defunct,,Australia,Adelaide,Extreme Boardsports,likely,1980s; also 'Booger You' Wave 270 model.,https://www.michigansnowboardmuseum.com/old-snowboard-reference-list.html
weekend,Weekend,,,dormant,,,,,likely,Listed on SnowDB catalog. Current status not verified.,https://www.snowdb.com/
west,WEST,,,active,,Switzerland,,,likely,Premium hand-made boards; founded by industry veterans (sixth season as of Field Mag article).,https://www.fieldmag.com/articles/most-influential-international-snowboard-brands | https://whitelines.com/snowboard-gear/before-you-buy/guide-to-snowboard-brands.html
westige,Westige,2001,,active,,Czech Republic,,,likely,,http://www.illicitsnowboarding.com/2012/01/made-in-snowboard-brands-from.html
weston,Weston,2012,,active,Barry Clark (Leo Tsuo from 2016),USA,"Lakewood, Colorado",,verified,"Backcountry/splitboards; B Corp. | Weston Backcountry, Colorado. Earliest model year sourced 2020.",https://westonbackcountry.com/pages/about | https://thegoodride.com/snowboard-reviews/weston-backwoods-snowboard-review/
white-bear,White Bear,1970,,defunct,,,,,likely,"Snurfer-type 'Snookie' board, c.1970.",http://www.illicitsnowboarding.com/2013/04/legends-of-fallen-ii-stickers-of-lost.html | https://www.michigansnowboardmuseum.com/old-snowboard-reference-list.html
whitegold,Whitegold,2013,,dormant,Kevin Sansalone (with Bataleon),Canada,"Whistler, British Columbia",Bataleon joint venture,verified,"Launched 2013/14 with Flyer, North and Shaka models; TBT construction. Current status not verified.",https://whitelines.com/brands/whitegold | https://www.snowdb.com/
wild-duck,Wild Duck,1980,,defunct,Three friends (unnamed),Switzerland,Lausanne,,likely,"Early European manufacturer founded on a farm near Lausanne; per Salty Peaks, later evolved into Movement Skis.",https://www.saltypeaks.com/product/rare-1980-vintage-wild-duck-swiss-made-snowboard/ | https://www.michigansnowboardmuseum.com/old-snowboard-reference-list.html
winter-surf,Winter Surf,1985,,defunct,Sergio Aghemo,Italy,Turin,,likely,"Later manufactured by Hoffstetter, Germany.",https://www.michigansnowboardmuseum.com/old-snowboard-reference-list.html
winterstick,Winterstick,1972,,revived,Dimitrije Milovich and Wayne Stoveken,USA,"Carrabassett Valley, Maine (originally Salt Lake City, Utah)",,verified,"Founded 1972 (patents for snow surfboards). Swallowtail introduced 1976; P-Tex base 1974. Milovich left 1980 and the original company ceased around 1980. Brand later revived; today rider-owned (Seth Wescott, Rob Kingwill, Tom Burt) with a factory at Sugarloaf, Maine. | ISM 1988 gives address 3474 South 2300 East, Salt Lake City. Brand site says founded 1972; current company builds boards at Sugarloaf, Maine.",https://www.winterstick.com/we-are/ | https://www.michigansnowboardmuseum.com/boards-from-the-legends.html | https://www.the-house.com/portal/the-history-of-snowboarding/ | https://snowboarding8090.com/history/ | https://winterstick.com/history-of-winterstick | https://archive.org/details/ISM-87-91
wired,Wired,,,active,Rob Dow,Canada,"Vancouver, British Columbia",,verified,"Factory/storefront on Clark Drive, near the old Option factory; custom graphics; OEM services.",https://kingsnowboard.com/blogs/features/wired-snowboards-made-in-canada | https://www.wiredsnowboards.com/
yes,YES.,2009,,active,"DCP, Romain de Marchi, JP Solberg and Tadashi Fuse",Switzerland,,Nidecker Group (transitioning to independent control 2026/27),verified,Started after Burton UNINC ended; Nidecker Group dates founding 2008. | YES. Snowboards; part of NDK Group per Wikipedia Jones article. Earliest model year sourced: 2010 (Basic).,https://whitelines.com/brands/yes-snowboards | https://www.ndk.group/ | https://grokipedia.com/page/Nidecker | https://en.wikipedia.org/wiki/Jones_Snowboards | https://thegoodride.com/snowboard-reviews/yes-basic-snowboard-review/
yonex,Yonex,,,active,,Japan,"Nagaoka, Niigata","Yonex Co., Ltd.",verified,Entered snowboards 1995 with the first carbon-infused snowboard; carbon cores. | Carbon snowboards; only 2026-27 lineup sourced. THIN.,https://www.yonex-snowboard.com/en-gb/about-yonex-snowboard | https://www.yonex.co.jp/en/company/history/1991-2000/ | https://carversconnection.com/community/hard-boot/carving-snowboards-manufacturers-and-wbsite-links/ | https://www.yonex.co.jp/snowboards/products/
fiveforty,FiveForty,,,active,,Canada,,,likely,Canadian brand. Reviewer priority: Canadian.,https://www.senditdb.com/brands/fiveforty
trapper,Trapper,2011,,active,,Canada,,,likely,"Fernie, British Columbia. Reviewer priority: Canadian.",https://www.senditdb.com/brands/trapper
aluflex,Aluflex,1954,,active,,France,,,likely,"Historic name, founded 1954. Reviewer priority: historic.",https://www.senditdb.com/brands/aluflex
gilson,Gilson,2013,,active,,USA,,,likely,Large direct-to-consumer line.,https://www.senditdb.com/brands/gilson
raven,Raven,2005,,active,,Poland,,,likely,European budget brand.,https://www.senditdb.com/brands/raven
ltb,LTB,1986,,active,,Czechia,,,likely,,https://www.senditdb.com/brands/ltb
sandy-shapes,Sandy Shapes,2016,,active,,Italy,,,likely,Shaper.,https://www.senditdb.com/brands/sandy-shapes
blackhole-snowboards,Blackhole Snowboards,1992,,active,,Italy,,,likely,"Country disagreement: Send It DB says Italy, the reviewer says Poland. Send It value recorded as the cited source; needs confirmation.",https://www.senditdb.com/brands/blackhole-snowboards
allian,Allian,1999,,active,,USA,,,likely,"Associated with Ingemar Backman; models back to 2015. Country disagreement: Send It DB says USA, the reviewer says Sweden. Send It value recorded as the cited source; needs confirmation.",https://www.senditdb.com/brands/allian
november,November,2002,,active,,Japan,,,likely,"Send It DB records the name as ""NOVEMBER SNOWMATERIAL"".",https://www.senditdb.com/brands/november
amicss,AMICSS,2015,,active,,Japan,,,likely,Alpine. Models on Send It back to 2020.,https://www.senditdb.com/brands/amicss
drake,Drake,,,active,,Italy,,Northwave,likely,Part of the Northwave group.,https://www.senditdb.com/brands/drake
elevated-surfcraft,Elevated Surfcraft,,,active,,USA,,,likely,Models on Send It back to 2019.,https://www.senditdb.com/brands/elevated
borealis,Borealis,2013,,active,,France,,,likely,,https://www.senditdb.com/brands/borealis
ame-snowboard,AME Snowboard,,,active,,France,,,likely,Shaper.,https://www.senditdb.com/brands/ame-snowboard
goodboards,Goodboards,,,active,,Germany,,,likely,,https://www.senditdb.com/brands/goodboards
moonchild,Moonchild,2015,,active,,Spain,,,likely,"Country disagreement: Send It DB says Spain, the reviewer says Japan. Send It value recorded as the cited source; needs confirmation.",https://www.senditdb.com/brands/moonchild
nobaday,Nobaday,2015,,active,,USA,,,likely,"Country disagreement: Send It DB says USA, the reviewer says China. Send It value recorded as the cited source; needs confirmation.",https://www.senditdb.com/brands/nobaday
pathron,Pathron,2011,,active,,Poland,,,likely,Models on Send It span 2021 to 2024.,https://www.senditdb.com/brands/pathron
thrive-snowboards,Thrive Snowboards,2012,,active,,USA,,,likely,,https://www.senditdb.com/brands/thrive-snowboards
whitespace,Whitespace,2022,,active,,USA,,,likely,Shaun White's brand.,https://www.senditdb.com/brands/whitespace
chimera,Chimera,2009,,active,,USA,,,likely,Splitboards.,https://www.senditdb.com/brands/chimera
furlan-snowboards,Furlan Snowboards,2008,,active,,France,,,likely,"Shaper. Country disagreement: Send It DB says France, the reviewer says Italy. Send It value recorded as the cited source; needs confirmation.",https://www.senditdb.com/brands/furlan-snowboards
d-o-p-e,D.O.P.E.,,,active,,Canada,,,likely,"Country disagreement: Send It DB says Canada, the reviewer says USA. Send It value recorded as the cited source; needs confirmation.",https://www.senditdb.com/brands/dope
furberg,Furberg,2009,,active,,Norway,,,likely,,https://www.senditdb.com/brands/furberg
pallas,Pallas,2013,,active,,USA,,,likely,Women's splitboards.,https://www.senditdb.com/brands/pallas
verdad,Verdad,2011,,active,,France,,,likely,"Country disagreement: Send It DB says France, the reviewer says Spain. Send It value recorded as the cited source; needs confirmation.",https://www.senditdb.com/brands/verdad
snoplanks,SnoPlanks,2012,,active,,USA,,,likely,Bamboo shaper.,https://www.senditdb.com/brands/snoplanks
high-society-freeride,High Society Freeride,2003,,active,,USA,,,likely,"Aspen, Colorado (country and city from the reviewer; Send It DB lists no country).",https://www.senditdb.com/brands/high-society-freeride
javatron-dream-machines,Javatron Dream Machines,,,active,,USA,,,likely,"Custom shaper, same classification as Donek and Coiler. Custom shaper: boards are made to order, so model rows are shapes rather than catalogue seasons.",https://www.senditdb.com/brands/javatron-dream-machines
