bucket,existing_id,existing_name,existing_year,existing_source,catalog_slug,catalog_series,catalog_year,catalog_venue,catalog_confidence,note,reviewer_decision
MATCH,event_1781470879531_sjz56,1986 Snowboarding World Championships,1986,unverified,world-snowboarding-championships-sims--1986,World Snowboarding Championships,1986,Breckenridge Ski Resort,likely,,
MATCH,event_1781460997348_uznyr,1987 North American Snowboard Championships,1987,unverified,north-american-snowboarding-championships--1987,North American Snowboarding Championships,1987,Banff,likely,,
MATCH,event_1773691017612_oyzi7,Baker Banked Slalom 1987,1987,unverified,mt-baker-legendary-banked-slalom--1987,Mt. Baker Legendary Banked Slalom,1987,Mt. Baker Ski Area,verified,,
MATCH,event_1773691047295_uz4v0,Baker Banked Slalom 1988,1988,unverified,mt-baker-legendary-banked-slalom--1988,Mt. Baker Legendary Banked Slalom,1988,Mt. Baker Ski Area,verified,,
MATCH,event_1773691066162_zo77e,Baker Banked Slalom 1989,1989,unverified,mt-baker-legendary-banked-slalom--1989,Mt. Baker Legendary Banked Slalom,1989,Mt. Baker Ski Area,verified,,
MATCH,event_1774838343638_i942r,Westbeach Classic 1989,1989,unverified,westbeach-classic--1989,WestBeach Classic,1989,,likely,,
MATCH,e11,Baker Banked Slalom 1992,1992,verified,mt-baker-legendary-banked-slalom--1992,Mt. Baker Legendary Banked Slalom,1992,Mt. Baker Ski Area,verified,,
MATCH,event_1787850326121_wlp1s,Air and Style,1994,unverified,air-and-style--1994-a,Air + Style,1994,Bergisel Stadium,verified,,
MATCH,event_1774838567452_ddn4a,Westbeach Classic 1997,1997,unverified,westbeach-classic--1997,WestBeach Classic,1997,Whistler Mountain (base area),verified,,
MATCH,e12,Baker Banked Slalom 1999,1999,verified,mt-baker-legendary-banked-slalom--1999,Mt. Baker Legendary Banked Slalom,1999,Mt. Baker Ski Area,verified,,
MATCH,e13,Baker Banked Slalom 2005,2005,verified,mt-baker-legendary-banked-slalom--2005,Mt. Baker Legendary Banked Slalom,2005,Mt. Baker Ski Area,verified,,
MATCH,event_1787782345410_9pqoq,Baker Banked Slalom 2006,2006,unverified,mt-baker-legendary-banked-slalom--2006,Mt. Baker Legendary Banked Slalom,2006,Mt. Baker Ski Area,verified,,
MATCH,e14,Baker Banked Slalom 2010,2010,verified,mt-baker-legendary-banked-slalom--2010,Mt. Baker Legendary Banked Slalom,2010,Mt. Baker Ski Area,verified,,
MATCH,e15,Baker Banked Slalom 2015,2015,verified,mt-baker-legendary-banked-slalom--2015,Mt. Baker Legendary Banked Slalom,2015,Mt. Baker Ski Area,verified,,
MATCH,e16,Baker Banked Slalom 2019,2019,verified,mt-baker-legendary-banked-slalom--2019,Mt. Baker Legendary Banked Slalom,2019,Mt. Baker Ski Area,verified,,
FUZZY,event_1777135229030_2d1nu,1988 North American Snowboard Championships,1988,unverified,snoboard-shop-north-american-championships--1988,The Snoboard Shop North American Snowboarding Championships,1988,Mt Norquay,likely,fuzzy ratio 0.90; verify before merging,
EXISTING_ONLY,event_1781804939736_z44x9,North American Snowboard Championships,1986,unverified,,,,,,"needs_source (unverified, no catalog match)",
EXISTING_ONLY,event_1781753687456_n2eas,Chevron Cup 1989,1989,unverified,,,,,,"needs_source (unverified, no catalog match)",
EXISTING_ONLY,event_1788237115444_g2cgi,Pepsi Pipeline,1990,unverified,,,,,,"needs_source (unverified, no catalog match)",
EXISTING_ONLY,event_1774838419971_1njpq,Westbeach Classic 1990,1990,unverified,,,,,,"needs_source (unverified, no catalog match)",
EXISTING_ONLY,event_1774838437821_9yr0j,Westbeach Classic 1991,1991,unverified,,,,,,"needs_source (unverified, no catalog match)",
EXISTING_ONLY,event_1774838455737_8b5ua,Westbeach Classic 1992,1992,unverified,,,,,,"needs_source (unverified, no catalog match)",
EXISTING_ONLY,event_1787850166221_8lz6c,Mt. Hood Wide Open,1993,unverified,,,,,,"needs_source (unverified, no catalog match)",
EXISTING_ONLY,event_1774838473372_wnrct,Westbeach Classic 1993,1993,unverified,,,,,,"needs_source (unverified, no catalog match)",
EXISTING_ONLY,event_1774838503921_4t9lb,Westbeach Classic 1994,1994,unverified,,,,,,"needs_source (unverified, no catalog match)",
EXISTING_ONLY,event_1774838517620_p588r,Westbeach Classic 1995,1995,unverified,,,,,,"needs_source (unverified, no catalog match)",
EXISTING_ONLY,event_1781066420352_2a1wp,King Of The Hill,1996,unverified,,,,,,not_a_contest (gathering),
EXISTING_ONLY,event_1774838538604_tn4r7,Westbeach Classic 1996,1996,unverified,,,,,,"needs_source (unverified, no catalog match)",
EXISTING_ONLY,evt_1782850803307_apuqit,FNRad: Jay Balmer,2021,verified,,,,,,not_a_contest (episode),
EXISTING_ONLY,evt_1785710768741_kerwqf,FNRad: Devun Walsh,2024,verified,,,,,,not_a_contest (episode),
EXISTING_ONLY,event_1781066166784_300xa,King Of The Hill 30,2026,unverified,,,,,,not_a_contest (gathering),
CATALOG_ONLY,,,,,national-snurfing-championships--1968,National Snurfing Championships,1968,"Blockhouse Hill, Muskegon State Park",likely,import,
CATALOG_ONLY,,,,,national-snurfing-championships--1974,National Snurfing Championships,1974,"Blockhouse Hill, Muskegon State Park",likely,import,
CATALOG_ONLY,,,,,national-snurfing-championships--1975,National Snurfing Championships,1975,"Blockhouse Hill, Muskegon State Park",likely,import,
CATALOG_ONLY,,,,,national-snurfing-championships--1976,National Snurfing Championships,1976,"Blockhouse Hill, Muskegon State Park",likely,import,
CATALOG_ONLY,,,,,national-snurfing-championships--1977,National Snurfing Championships,1977,"Blockhouse Hill, Muskegon State Park",likely,import,
CATALOG_ONLY,,,,,national-snurfing-championships--1978,National Snurfing Championships,1978,"Blockhouse Hill, Muskegon State Park",likely,import,
CATALOG_ONLY,,,,,national-snurfing-championships--1979,National Snurfing Championships,1979,"Blockhouse Hill, Muskegon State Park",likely,import,
CATALOG_ONLY,,,,,national-snurfing-championships--1980,National Snurfing Championships,1980,Pando Ski Hill,likely,import,
CATALOG_ONLY,,,,,king-of-the-mountain-ski-cooper--1981,King of the Mountain (Ski Cooper),1981,Ski Cooper,likely,import,
CATALOG_ONLY,,,,,national-snurfing-championships--1981,National Snurfing Championships,1981,,likely,import,
CATALOG_ONLY,,,,,us-open-snowboarding--1982,Burton US Open Snowboarding Championships,1982,Suicide Six,likely,import,
CATALOG_ONLY,,,,,us-open-snowboarding--1983,Burton US Open Snowboarding Championships,1983,Snow Valley,likely,import,
CATALOG_ONLY,,,,,national-snurfing-championships--1983,National Snurfing Championships,1983,,likely,import,
CATALOG_ONLY,,,,,world-snowboarding-championships-sims--1983,World Snowboarding Championships,1983,Soda Springs Ski Bowl,likely,import,
CATALOG_ONLY,,,,,us-open-snowboarding--1984,Burton US Open Snowboarding Championships,1984,Snow Valley,likely,import,
CATALOG_ONLY,,,,,national-snurfing-championships--1984,National Snurfing Championships,1984,Pando Ski Area,likely,import,
CATALOG_ONLY,,,,,world-snowboarding-championships-sims--1984,World Snowboarding Championships,1984,Soda Springs Ski Bowl,likely,import,
CATALOG_ONLY,,,,,us-open-snowboarding--1985,Burton US Open Snowboarding Championships,1985,Stratton Mountain,verified,import,
CATALOG_ONLY,,,,,mt-baker-legendary-banked-slalom--1985,Mt. Baker Legendary Banked Slalom,1985,Mt. Baker Ski Area,verified,import,
CATALOG_ONLY,,,,,snoboard-shop-north-american-championships--1985,The Snoboard Shop North American Snowboarding Championships,1985,,likely,import,
CATALOG_ONLY,,,,,world-snowboarding-championships-sims--1985,World Snowboarding Championships,1985,Soda Springs Ski Bowl,likely,import,
CATALOG_ONLY,,,,,us-open-snowboarding--1986,Burton US Open Snowboarding Championships,1986,Stratton Mountain,likely,import,
CATALOG_ONLY,,,,,mt-baker-legendary-banked-slalom--1986,Mt. Baker Legendary Banked Slalom,1986,Mt. Baker Ski Area,verified,import,
CATALOG_ONLY,,,,,us-open-snowboarding--1987,Burton US Open Snowboarding Championships,1987,Stratton Mountain,likely,import,
CATALOG_ONLY,,,,,european-world-snowboarding-championships--1987,European World Snowboarding Championships,1987,Livigno / St. Moritz,likely,import,
CATALOG_ONLY,,,,,snoboard-shop-north-american-championships--1987,The Snoboard Shop North American Snowboarding Championships,1987,Sunshine Village,likely,import,
CATALOG_ONLY,,,,,world-snowboarding-championships-sims--1987,World Snowboarding Championships,1987,Breckenridge Ski Resort,likely,import,
CATALOG_ONLY,,,,,us-open-snowboarding--1988,Burton US Open Snowboarding Championships,1988,Stratton Mountain,verified,import,
CATALOG_ONLY,,,,,us-open-snowboarding--1989,Burton US Open Snowboarding Championships,1989,Stratton Mountain,likely,import,
CATALOG_ONLY,,,,,national-collegiate-snowboarding-championships--1989,National Collegiate Snowboarding Championships,1989,Stratton Mountain,likely,import,
CATALOG_ONLY,,,,,op-pro-snowboarding--1989,OP Pro of Snowboarding,1989,June Mountain,likely,import,
CATALOG_ONLY,,,,,us-open-snowboarding--1990,Burton US Open Snowboarding Championships,1990,Stratton Mountain,likely,import,
CATALOG_ONLY,,,,,mt-baker-legendary-banked-slalom--1990,Mt. Baker Legendary Banked Slalom,1990,Mt. Baker Ski Area,verified,import,
CATALOG_ONLY,,,,,usasa-national-championships--1990,USASA National Championships,1990,Snow Valley,likely,import,
CATALOG_ONLY,,,,,us-open-snowboarding--1991,Burton US Open Snowboarding Championships,1991,Stratton Mountain,likely,import,
CATALOG_ONLY,,,,,mt-baker-legendary-banked-slalom--1991,Mt. Baker Legendary Banked Slalom,1991,Mt. Baker Ski Area,likely,import,
CATALOG_ONLY,,,,,op-wintersurf--1991,OP Wintersurf,1991,Huntington Beach and Bear Mountain,likely,import,
CATALOG_ONLY,,,,,snowboard-world-cup-pre-fis--1991,Snowboard World Cup (pre-FIS),1991,Rusutsu Resort,likely,import,
CATALOG_ONLY,,,,,us-open-snowboarding--1992,Burton US Open Snowboarding Championships,1992,Stratton Mountain,likely,import,
CATALOG_ONLY,,,,,us-open-snowboarding--1993,Burton US Open Snowboarding Championships,1993,Stratton Mountain,likely,import,
CATALOG_ONLY,,,,,isf-world-championships--1993,ISF Snowboard World Championships,1993,Ischgl,likely,import,
CATALOG_ONLY,,,,,isf-snowboard-world-championships--1993,ISF World Championships,1993,Ischgl,likely,import,
CATALOG_ONLY,,,,,isf-world-snowboarding-championships--1993,ISF World Snowboarding Championships,1993,Ischgl,likely,import,
CATALOG_ONLY,,,,,mt-baker-legendary-banked-slalom--1993,Mt. Baker Legendary Banked Slalom,1993,Mt. Baker Ski Area,verified,import,
CATALOG_ONLY,,,,,air-and-style--1994-b,Air + Style,1994,Bergisel Stadium,verified,import,
CATALOG_ONLY,,,,,us-open-snowboarding--1994,Burton US Open Snowboarding Championships,1994,Stratton Mountain,likely,import,
CATALOG_ONLY,,,,,mt-baker-legendary-banked-slalom--1994,Mt. Baker Legendary Banked Slalom,1994,Mt. Baker Ski Area,verified,import,
CATALOG_ONLY,,,,,air-and-style--1995,Air + Style,1995,Bergisel Stadium,verified,import,
CATALOG_ONLY,,,,,us-open-snowboarding--1995,Burton US Open Snowboarding Championships,1995,Stratton Mountain,likely,import,
CATALOG_ONLY,,,,,fis-snowboard-world-cup--1995,FIS Snowboard World Cup,1995,,verified,import,
CATALOG_ONLY,,,,,mt-baker-legendary-banked-slalom--1995,Mt. Baker Legendary Banked Slalom,1995,Mt. Baker Ski Area,verified,import,
CATALOG_ONLY,,,,,air-and-style--1996,Air + Style,1996,Bergisel Stadium,verified,import,
CATALOG_ONLY,,,,,b4bc-snowboard-and-music-festival--1996,B4BC Snowboard + Music Festival,1996,,likely,import,
CATALOG_ONLY,,,,,us-open-snowboarding--1996,Burton US Open Snowboarding Championships,1996,Stratton Mountain,likely,import,
CATALOG_ONLY,,,,,fis-snowboard-world-championships--1996,FIS Snowboard World Championships,1996,Lienz,verified,import,
CATALOG_ONLY,,,,,fis-snowboard-world-cup--1996,FIS Snowboard World Cup,1996,,verified,import,
CATALOG_ONLY,,,,,mt-baker-legendary-banked-slalom--1996,Mt. Baker Legendary Banked Slalom,1996,Mt. Baker Ski Area,verified,import,
CATALOG_ONLY,,,,,world-ski-snowboard-festival--1996,World Ski & Snowboard Festival,1996,"Whistler Village, Whistler Mountain and Blackcomb Mountain",verified,import,
CATALOG_ONLY,,,,,air-and-style--1997,Air + Style,1997,Bergisel Stadium,verified,import,
CATALOG_ONLY,,,,,us-open-snowboarding--1997,Burton US Open Snowboarding Championships,1997,Stratton Mountain,likely,import,
CATALOG_ONLY,,,,,fis-snowboard-junior-world-championships--1997,FIS Snowboard Junior World Championships,1997,Corno alle Scale,verified,import,
CATALOG_ONLY,,,,,fis-snowboard-world-championships--1997,FIS Snowboard World Championships,1997,San Candido (Innichen),verified,import,
CATALOG_ONLY,,,,,fis-snowboard-world-cup--1997,FIS Snowboard World Cup,1997,,verified,import,
CATALOG_ONLY,,,,,mt-baker-legendary-banked-slalom--1997,Mt. Baker Legendary Banked Slalom,1997,Mt. Baker Ski Area,verified,import,
CATALOG_ONLY,,,,,showcase-showdown--1997,Showcase Showdown,1997,Blackcomb Mountain,likely,import,
CATALOG_ONLY,,,,,toyota-big-air--1997,Toyota Big Air,1997,Makomanai Open Stadium,verified,import,
CATALOG_ONLY,,,,,winter-x-games--1997,Winter X Games (Aspen),1997,Snow Summit,likely,import,
CATALOG_ONLY,,,,,world-ski-snowboard-festival--1997,World Ski & Snowboard Festival,1997,"Whistler Village, Whistler Mountain and Blackcomb Mountain",verified,import,
CATALOG_ONLY,,,,,air-and-style--1998,Air + Style,1998,Bergisel Stadium,verified,import,
CATALOG_ONLY,,,,,us-open-snowboarding--1998,Burton US Open Snowboarding Championships,1998,Stratton Mountain,likely,import,
CATALOG_ONLY,,,,,fis-snowboard-junior-world-championships--1998,FIS Snowboard Junior World Championships,1998,Chamrousse,verified,import,
CATALOG_ONLY,,,,,fis-snowboard-world-cup--1998,FIS Snowboard World Cup,1998,,verified,import,
CATALOG_ONLY,,,,,mt-baker-legendary-banked-slalom--1998,Mt. Baker Legendary Banked Slalom,1998,Mt. Baker Ski Area,verified,import,
CATALOG_ONLY,,,,,olympic-snowboarding--1998,Snowboarding at the Olympic Winter Games,1998,"Mt. Yakebitai, Shiga Kogen (giant slalom) / Kanbayashi Sports Park (halfpipe)",verified,import,
CATALOG_ONLY,,,,,toyota-big-air--1998,Toyota Big Air,1998,Makomanai Open Stadium,verified,import,
CATALOG_ONLY,,,,,winter-x-games--1998,Winter X Games (Aspen),1998,Crested Butte Mountain Resort,likely,import,
CATALOG_ONLY,,,,,air-and-style--1999,Air + Style,1999,Bergisel Stadium,verified,import,
CATALOG_ONLY,,,,,burton-european-open--1999,Burton European Open,1999,Axamer Lizum / Seegrube,likely,import,
CATALOG_ONLY,,,,,us-open-snowboarding--1999,Burton US Open Snowboarding Championships,1999,Stratton Mountain,likely,import,
CATALOG_ONLY,,,,,fis-snowboard-junior-world-championships--1999,FIS Snowboard Junior World Championships,1999,Seiser Alm,verified,import,
CATALOG_ONLY,,,,,fis-snowboard-world-championships--1999,FIS Snowboard World Championships,1999,Berchtesgaden,verified,import,
CATALOG_ONLY,,,,,fis-snowboard-world-cup--1999,FIS Snowboard World Cup,1999,,verified,import,
CATALOG_ONLY,,,,,the-arctic-challenge--1999,The Arctic Challenge,1999,Trysil and Lofoten,verified,import,
CATALOG_ONLY,,,,,toyota-big-air--1999,Toyota Big Air,1999,Makomanai Open Stadium,verified,import,
CATALOG_ONLY,,,,,winter-x-games--1999,Winter X Games (Aspen),1999,Crested Butte Mountain Resort,likely,import,
CATALOG_ONLY,,,,,air-and-style--2000,Air + Style,2000,Seefeld,verified,import,
CATALOG_ONLY,,,,,us-open-snowboarding--2000,Burton US Open Snowboarding Championships,2000,Stratton Mountain,likely,import,
CATALOG_ONLY,,,,,fis-snowboard-junior-world-championships--2000,FIS Snowboard Junior World Championships,2000,Berchtesgaden,verified,import,
CATALOG_ONLY,,,,,fis-snowboard-world-cup--2000,FIS Snowboard World Cup,2000,,verified,import,
CATALOG_ONLY,,,,,isf-world-snowboarding-championships--2000,ISF World Snowboarding Championships,2000,"Jakobshorn, Davos",verified,import,
CATALOG_ONLY,,,,,mt-baker-legendary-banked-slalom--2000,Mt. Baker Legendary Banked Slalom,2000,Mt. Baker Ski Area,verified,import,
CATALOG_ONLY,,,,,the-arctic-challenge--2000,The Arctic Challenge,2000,Lofoten,verified,import,
CATALOG_ONLY,,,,,toyota-big-air--2000,Toyota Big Air,2000,Makomanai Open Stadium,verified,import,
CATALOG_ONLY,,,,,vans-triple-crown-of-snowboarding--2000,Vans Triple Crown of Snowboarding,2000,,verified,import,
CATALOG_ONLY,,,,,westbeach-classic--2000,WestBeach Classic,2000,Whistler Blackcomb,likely,import,
CATALOG_ONLY,,,,,gravity-games-winter--2000,Winter Gravity Games,2000,Mammoth Mountain,likely,import,
CATALOG_ONLY,,,,,winter-x-games--2000,Winter X Games (Aspen),2000,Mount Snow,likely,import,
CATALOG_ONLY,,,,,air-and-style--2001,Air + Style,2001,Seefeld,verified,import,
CATALOG_ONLY,,,,,burton-european-open--2001,Burton European Open,2001,Fieberbrunn,likely,import,
CATALOG_ONLY,,,,,us-open-snowboarding--2001,Burton US Open Snowboarding Championships,2001,Stratton Mountain,likely,import,
CATALOG_ONLY,,,,,canada-snowboard-national-championships--2001,Canadian National Snowboard Championships,2001,Big White Ski Resort,verified,import,
CATALOG_ONLY,,,,,fis-snowboard-junior-world-championships--2001,FIS Snowboard Junior World Championships,2001,Nassfeld-Hermagor,verified,import,
CATALOG_ONLY,,,,,fis-snowboard-world-championships--2001,FIS Snowboard World Championships,2001,Madonna di Campiglio,verified,import,
CATALOG_ONLY,,,,,fis-snowboard-world-cup--2001,FIS Snowboard World Cup,2001,,verified,import,
CATALOG_ONLY,,,,,whistler-blackcomb-fis-snowboard-world-cup--2001,FIS Snowboard World Cup - Whistler Blackcomb,2001,Whistler Blackcomb,verified,import,
CATALOG_ONLY,,,,,mt-baker-legendary-banked-slalom--2001,Mt. Baker Legendary Banked Slalom,2001,Mt. Baker Ski Area,verified,import,
CATALOG_ONLY,,,,,x-trail-jam--2001-a,Nissan X-Trail Jam,2001,Tokyo Dome,verified,import,
CATALOG_ONLY,,,,,x-trail-jam--2001-b,Nissan X-Trail Jam,2001,Tokyo Dome,verified,import,
CATALOG_ONLY,,,,,the-arctic-challenge--2001,The Arctic Challenge,2001,Hemsedal and Holmenkollen,verified,import,
CATALOG_ONLY,,,,,toyota-big-air--2001,Toyota Big Air,2001,Makomanai Open Stadium,verified,import,
CATALOG_ONLY,,,,,westbeach-classic--2001,WestBeach Classic,2001,Whistler,verified,import,
CATALOG_ONLY,,,,,winter-x-games--2001,Winter X Games (Aspen),2001,Mount Snow,likely,import,
CATALOG_ONLY,,,,,world-snowboarding-championship-whistler--2001,World Snowboarding Championship (Whistler),2001,Whistler Blackcomb,verified,import,
CATALOG_ONLY,,,,,air-and-style--2002,Air + Style,2002,Seefeld,verified,import,
CATALOG_ONLY,,,,,burton-european-open--2002,Burton European Open,2002,Livigno,likely,import,
CATALOG_ONLY,,,,,us-open-snowboarding--2002,Burton US Open Snowboarding Championships,2002,Stratton Mountain,verified,import,
CATALOG_ONLY,,,,,canada-snowboard-national-championships--2002,Canadian National Snowboard Championships,2002,Mont Tremblant,verified,import,
CATALOG_ONLY,,,,,fis-snowboard-junior-world-championships--2002,FIS Snowboard Junior World Championships,2002,"Ounasvaara, Rovaniemi",verified,import,
CATALOG_ONLY,,,,,fis-snowboard-world-cup--2002,FIS Snowboard World Cup,2002,,verified,import,
CATALOG_ONLY,,,,,mt-baker-legendary-banked-slalom--2002,Mt. Baker Legendary Banked Slalom,2002,Mt. Baker Ski Area,verified,import,
CATALOG_ONLY,,,,,x-trail-jam--2002,Nissan X-Trail Jam,2002,Tokyo Dome,likely,import,
CATALOG_ONLY,,,,,shakedown-snowboard-games--2002,Shakedown,2002,Mont Saint-Sauveur,likely,import,
CATALOG_ONLY,,,,,olympic-snowboarding--2002,Snowboarding at the Olympic Winter Games,2002,Park City Mountain Resort,verified,import,
CATALOG_ONLY,,,,,the-arctic-challenge--2002,The Arctic Challenge,2002,,verified,import,
CATALOG_ONLY,,,,,toyota-big-air--2002,Toyota Big Air,2002,Makomanai Open Stadium,verified,import,
CATALOG_ONLY,,,,,winter-x-games--2002,Winter X Games (Aspen),2002,Buttermilk Mountain,likely,import,
CATALOG_ONLY,,,,,air-and-style--2003,Air + Style,2003,Seefeld,verified,import,
CATALOG_ONLY,,,,,burton-european-open--2003,Burton European Open,2003,Livigno,likely,import,
CATALOG_ONLY,,,,,us-open-snowboarding--2003,Burton US Open Snowboarding Championships,2003,Stratton Mountain,likely,import,
CATALOG_ONLY,,,,,canada-snowboard-national-championships--2003,Canadian National Snowboard Championships,2003,Nakiska and Canada Olympic Park,verified,import,
CATALOG_ONLY,,,,,fis-snowboard-junior-world-championships--2003,FIS Snowboard Junior World Championships,2003,Prato Nevoso,verified,import,
CATALOG_ONLY,,,,,fis-snowboard-world-championships--2003,FIS Snowboard World Championships,2003,Kreischberg,verified,import,
CATALOG_ONLY,,,,,fis-snowboard-world-cup--2003,FIS Snowboard World Cup,2003,,verified,import,
CATALOG_ONLY,,,,,mt-baker-legendary-banked-slalom--2003,Mt. Baker Legendary Banked Slalom,2003,Mt. Baker Ski Area,verified,import,
CATALOG_ONLY,,,,,x-trail-jam--2003,Nissan X-Trail Jam,2003,Tokyo Dome,likely,import,
CATALOG_ONLY,,,,,shakedown-snowboard-games--2003,Shakedown,2003,Mont Saint-Sauveur,likely,import,
CATALOG_ONLY,,,,,ttr-world-snowboard-tour--2003,TTR World Snowboard Tour,2003,,verified,import,
CATALOG_ONLY,,,,,the-arctic-challenge--2003,The Arctic Challenge,2003,Trysil,verified,import,
CATALOG_ONLY,,,,,toyota-big-air--2003,Toyota Big Air,2003,Makomanai Open Stadium,verified,import,
CATALOG_ONLY,,,,,winter-x-games--2003,Winter X Games (Aspen),2003,Buttermilk Mountain,likely,import,
CATALOG_ONLY,,,,,air-and-style--2004,Air + Style,2004,Seefeld,verified,import,
CATALOG_ONLY,,,,,burton-european-open--2004,Burton European Open,2004,Livigno,likely,import,
CATALOG_ONLY,,,,,us-open-snowboarding--2004,Burton US Open Snowboarding Championships,2004,Stratton Mountain,likely,import,
CATALOG_ONLY,,,,,canada-snowboard-national-championships--2004,Canadian National Snowboard Championships,2004,Quebec,verified,import,
CATALOG_ONLY,,,,,fis-snowboard-junior-world-championships--2004,FIS Snowboard Junior World Championships,2004,Klinovec (CZE) and Oberwiesenthal (GER),verified,import,
CATALOG_ONLY,,,,,fis-snowboard-world-cup--2004,FIS Snowboard World Cup,2004,,verified,import,
CATALOG_ONLY,,,,,mt-baker-legendary-banked-slalom--2004,Mt. Baker Legendary Banked Slalom,2004,Mt. Baker Ski Area,verified,import,
CATALOG_ONLY,,,,,x-trail-jam--2004,Nissan X-Trail Jam,2004,Tokyo Dome,likely,import,
CATALOG_ONLY,,,,,shakedown-snowboard-games--2004,Shakedown,2004,Mont Saint-Sauveur,likely,import,
CATALOG_ONLY,,,,,ttr-world-snowboard-tour--2004,TTR World Snowboard Tour,2004,,verified,import,
CATALOG_ONLY,,,,,the-arctic-challenge--2004,The Arctic Challenge,2004,Tromsø,verified,import,
CATALOG_ONLY,,,,,toyota-big-air--2004,Toyota Big Air,2004,Makomanai Open Stadium,verified,import,
CATALOG_ONLY,,,,,winter-x-games--2004,Winter X Games (Aspen),2004,Buttermilk Mountain,likely,import,
CATALOG_ONLY,,,,,freestyle-ch--2004,freestyle.ch,2004,Landiwiese,likely,import,
CATALOG_ONLY,,,,,air-and-style--2005,Air + Style,2005,Olympiastadion,verified,import,
CATALOG_ONLY,,,,,burton-european-open--2005,Burton European Open,2005,Laax,likely,import,
CATALOG_ONLY,,,,,burton-new-zealand-open--2005,Burton New Zealand Open,2005,Cardrona Alpine Resort,likely,import,
CATALOG_ONLY,,,,,us-open-snowboarding--2005,Burton US Open Snowboarding Championships,2005,Stratton Mountain,likely,import,
CATALOG_ONLY,,,,,canada-snowboard-national-championships--2005,Canadian National Snowboard Championships,2005,Big White Ski Resort,likely,import,
CATALOG_ONLY,,,,,fis-snowboard-junior-world-championships--2005,FIS Snowboard Junior World Championships,2005,Zermatt,verified,import,
CATALOG_ONLY,,,,,fis-snowboard-world-championships--2005,FIS Snowboard World Championships,2005,Whistler,verified,import,
CATALOG_ONLY,,,,,fis-snowboard-world-cup--2005,FIS Snowboard World Cup,2005,,verified,import,
CATALOG_ONLY,,,,,x-trail-jam--2005,Nissan X-Trail Jam,2005,Tokyo Dome,likely,import,
CATALOG_ONLY,,,,,shakedown-snowboard-games--2005,Shakedown,2005,Mont Saint-Sauveur,likely,import,
CATALOG_ONLY,,,,,ttr-world-snowboard-tour--2005,TTR World Snowboard Tour,2005,,likely,import,
CATALOG_ONLY,,,,,the-arctic-challenge--2005,The Arctic Challenge,2005,"Tromsø, Finnsnes and Stamsund",verified,import,
CATALOG_ONLY,,,,,toyota-big-air--2005,Toyota Big Air,2005,Makomanai Open Stadium,verified,import,
CATALOG_ONLY,,,,,winter-x-games--2005,Winter X Games (Aspen),2005,Buttermilk Mountain,verified,import,
CATALOG_ONLY,,,,,air-and-style--2006,Air + Style,2006,Olympiastadion,verified,import,
CATALOG_ONLY,,,,,burton-european-open--2006,Burton European Open,2006,Laax,likely,import,
CATALOG_ONLY,,,,,burton-new-zealand-open--2006,Burton New Zealand Open,2006,Snow Park NZ,likely,import,
CATALOG_ONLY,,,,,us-open-snowboarding--2006,Burton US Open Snowboarding Championships,2006,Stratton Mountain,likely,import,
CATALOG_ONLY,,,,,fis-snowboard-junior-world-championships--2006,FIS Snowboard Junior World Championships,2006,Vivaldi Park,verified,import,
CATALOG_ONLY,,,,,fis-snowboard-world-cup--2006,FIS Snowboard World Cup,2006,,verified,import,
CATALOG_ONLY,,,,,x-trail-jam--2006,Nissan X-Trail Jam,2006,Tokyo Dome,likely,import,
CATALOG_ONLY,,,,,oneill-evolution--2006,O'Neill Evolution,2006,Davos,likely,import,
CATALOG_ONLY,,,,,roxy-chicken-jam--2006,Roxy Chicken Jam,2006,Kaprun,likely,import,
CATALOG_ONLY,,,,,shakedown-snowboard-games--2006,Shakedown,2006,Mont Saint-Sauveur,likely,import,
CATALOG_ONLY,,,,,olympic-snowboarding--2006,Snowboarding at the Olympic Winter Games,2006,Bardonecchia,verified,import,
CATALOG_ONLY,,,,,ttr-world-snowboard-tour--2006,TTR World Snowboard Tour,2006,,verified,import,
CATALOG_ONLY,,,,,the-arctic-challenge--2006,The Arctic Challenge,2006,Oslo,verified,import,
CATALOG_ONLY,,,,,toyota-big-air--2006,Toyota Big Air,2006,Makomanai Open Stadium,verified,import,
CATALOG_ONLY,,,,,winter-x-games--2006,Winter X Games (Aspen),2006,Buttermilk Mountain,likely,import,
CATALOG_ONLY,,,,,air-and-style--2007,Air + Style,2007,Olympiastadion,verified,import,
CATALOG_ONLY,,,,,burton-european-open--2007,Burton European Open,2007,Laax,verified,import,
CATALOG_ONLY,,,,,burton-new-zealand-open--2007,Burton New Zealand Open,2007,Snow Park NZ,likely,import,
CATALOG_ONLY,,,,,us-open-snowboarding--2007,Burton US Open Snowboarding Championships,2007,Stratton Mountain,likely,import,
CATALOG_ONLY,,,,,dirksen-derby--2007,Dirksen Derby,2007,Mt. Bachelor,verified,import,
CATALOG_ONLY,,,,,fis-snowboard-junior-world-championships--2007,FIS Snowboard Junior World Championships,2007,Bad Gastein,verified,import,
CATALOG_ONLY,,,,,fis-snowboard-world-championships--2007,FIS Snowboard World Championships,2007,Arosa,verified,import,
CATALOG_ONLY,,,,,fis-snowboard-world-cup--2007,FIS Snowboard World Cup,2007,,verified,import,
CATALOG_ONLY,,,,,holy-oly-revival--2007,Holy Oly Revival,2007,The Summit at Snoqualmie,likely,import,
CATALOG_ONLY,,,,,mt-baker-legendary-banked-slalom--2007,Mt. Baker Legendary Banked Slalom,2007,Mt. Baker Ski Area,verified,import,
CATALOG_ONLY,,,,,x-trail-jam--2007,Nissan X-Trail Jam,2007,Tokyo Dome,likely,import,
CATALOG_ONLY,,,,,oneill-evolution--2007,O'Neill Evolution,2007,Davos,likely,import,
CATALOG_ONLY,,,,,roxy-chicken-jam--2007-a,Roxy Chicken Jam,2007,Park City Mountain Resort,verified,import,
CATALOG_ONLY,,,,,roxy-chicken-jam--2007-b,Roxy Chicken Jam,2007,Kaprun,verified,import,
CATALOG_ONLY,,,,,shakedown-snowboard-games--2007,Shakedown,2007,Mont Saint-Sauveur,likely,import,
CATALOG_ONLY,,,,,canada-winter-games-snowboarding--2007,Snowboarding at the Canada Winter Games,2007,Mt Sima,likely,import,
CATALOG_ONLY,,,,,spring-battle--2007,Spring Battle,2007,Absolut Park,verified,import,
CATALOG_ONLY,,,,,stylewars-australia--2007,StyleWars,2007,Falls Creek,verified,import,
CATALOG_ONLY,,,,,ttr-world-snowboard-tour--2007,TTR World Snowboard Tour,2007,,verified,import,
CATALOG_ONLY,,,,,the-arctic-challenge--2007,The Arctic Challenge,2007,Oslo,likely,import,
CATALOG_ONLY,,,,,toyota-big-air--2007,Toyota Big Air,2007,Makomanai Sekisui Heim Stadium,verified,import,
CATALOG_ONLY,,,,,winter-x-games--2007,Winter X Games (Aspen),2007,Buttermilk Mountain,verified,import,
CATALOG_ONLY,,,,,air-and-style--2008-a,Air + Style,2008,Bergisel Stadium,verified,import,
CATALOG_ONLY,,,,,air-and-style--2008-b,Air + Style,2008,Olympiastadion,verified,import,
CATALOG_ONLY,,,,,burton-australian-open--2008,Burton Australian Open,2008,Perisher Blue,likely,import,
CATALOG_ONLY,,,,,burton-european-open--2008,Burton European Open,2008,Laax,verified,import,
CATALOG_ONLY,,,,,burton-global-open-series--2008,Burton Global Open Series,2008,,verified,import,
CATALOG_ONLY,,,,,burton-new-zealand-open--2008,Burton New Zealand Open,2008,Snow Park NZ,verified,import,
CATALOG_ONLY,,,,,us-open-snowboarding--2008,Burton US Open Snowboarding Championships,2008,Stratton Mountain,likely,import,
CATALOG_ONLY,,,,,dirksen-derby--2008,Dirksen Derby,2008,Mt. Bachelor,verified,import,
CATALOG_ONLY,,,,,fis-snowboard-junior-world-championships--2008,FIS Snowboard Junior World Championships,2008,Chiesa in Valmalenco,verified,import,
CATALOG_ONLY,,,,,fis-snowboard-world-cup--2008,FIS Snowboard World Cup,2008,,verified,import,
CATALOG_ONLY,,,,,mt-baker-legendary-banked-slalom--2008,Mt. Baker Legendary Banked Slalom,2008,Mt. Baker Ski Area,verified,import,
CATALOG_ONLY,,,,,x-trail-jam--2008,Nissan X-Trail Jam,2008,Tokyo Dome,likely,import,
CATALOG_ONLY,,,,,nippon-open--2008,Nissan X-Trail Nippon Open,2008,ALTS Bandai,verified,import,
CATALOG_ONLY,,,,,oneill-evolution--2008,O'Neill Evolution,2008,Davos,likely,import,
CATALOG_ONLY,,,,,roxy-chicken-jam--2008,Roxy Chicken Jam,2008,Park City Mountain Resort,likely,import,
CATALOG_ONLY,,,,,shakedown-snowboard-games--2008,Shakedown,2008,Mont Saint-Sauveur,likely,import,
CATALOG_ONLY,,,,,ttr-world-snowboard-tour--2008,TTR World Snowboard Tour,2008,,verified,import,
CATALOG_ONLY,,,,,the-arctic-challenge--2008,The Arctic Challenge,2008,Holmenkollen,verified,import,
CATALOG_ONLY,,,,,toyota-big-air--2008,Toyota Big Air,2008,Makomanai Sekisui Heim Stadium,verified,import,
CATALOG_ONLY,,,,,winter-dew-tour--2008,Winter Dew Tour,2008,Breckenridge Ski Resort,verified,import,
CATALOG_ONLY,,,,,winter-x-games--2008,Winter X Games (Aspen),2008,Buttermilk Mountain,verified,import,
CATALOG_ONLY,,,,,world-rookie-finals--2008,World Rookie Finals,2008,Ischgl,likely,import,
CATALOG_ONLY,,,,,air-and-style--2009-a,Air + Style,2009,Bergisel Stadium,verified,import,
CATALOG_ONLY,,,,,air-and-style--2009-b,Air + Style,2009,Bergisel Stadium,verified,import,
CATALOG_ONLY,,,,,burton-canadian-open--2009,Burton Canadian Open Snowboarding Championships,2009,Canada Olympic Park,likely,import,
CATALOG_ONLY,,,,,burton-european-open--2009,Burton European Open,2009,Laax,verified,import,
CATALOG_ONLY,,,,,burton-new-zealand-open--2009,Burton New Zealand Open,2009,Cardrona Alpine Resort,likely,import,
CATALOG_ONLY,,,,,us-open-snowboarding--2009,Burton US Open Snowboarding Championships,2009,Stratton Mountain,likely,import,
CATALOG_ONLY,,,,,circuito-bichos--2009,Circuito Bichos,2009,,verified,import,
CATALOG_ONLY,,,,,dirksen-derby--2009,Dirksen Derby,2009,Mt. Bachelor,verified,import,
CATALOG_ONLY,,,,,fis-snowboard-junior-world-championships--2009,FIS Snowboard Junior World Championships,2009,Nagano,verified,import,
CATALOG_ONLY,,,,,fis-snowboard-world-championships--2009,FIS Snowboard World Championships,2009,Gangwon,verified,import,
CATALOG_ONLY,,,,,fis-snowboard-world-cup--2009,FIS Snowboard World Cup,2009,,verified,import,
CATALOG_ONLY,,,,,mt-baker-legendary-banked-slalom--2009,Mt. Baker Legendary Banked Slalom,2009,Mt. Baker Ski Area,verified,import,
CATALOG_ONLY,,,,,nippon-open--2009,Nissan X-Trail Nippon Open,2009,ALTS Bandai,likely,import,
CATALOG_ONLY,,,,,oneill-evolution--2009,O'Neill Evolution,2009,Davos,likely,import,
CATALOG_ONLY,,,,,pleasure-jam--2009,Pleasure Jam,2009,Atomic Superpark Dachstein,verified,import,
CATALOG_ONLY,,,,,shakedown-snowboard-games--2009,Shakedown,2009,Mont Saint-Sauveur,likely,import,
CATALOG_ONLY,,,,,ttr-world-snowboard-tour--2009,TTR World Snowboard Tour,2009,,verified,import,
CATALOG_ONLY,,,,,the-brits--2009,The BRITS,2009,Laax,verified,import,
CATALOG_ONLY,,,,,toyota-big-air--2009,Toyota Big Air,2009,Makomanai Sekisui Heim Stadium,verified,import,
CATALOG_ONLY,,,,,winter-dew-tour--2009-a,Winter Dew Tour,2009,Mount Snow Resort,verified,import,
CATALOG_ONLY,,,,,winter-dew-tour--2009-b,Winter Dew Tour,2009,Northstar-at-Tahoe Resort,likely,import,
CATALOG_ONLY,,,,,winter-dew-tour--2009-c,Winter Dew Tour,2009,Breckenridge Ski Resort,likely,import,
CATALOG_ONLY,,,,,winter-games-nz--2009,Winter Games NZ,2009,"Dunedin, Naseby, Queenstown, Wanaka",likely,import,
CATALOG_ONLY,,,,,winter-x-games--2009,Winter X Games (Aspen),2009,Buttermilk Mountain,verified,import,
CATALOG_ONLY,,,,,world-rookie-finals--2009,World Rookie Finals,2009,Ischgl,likely,import,
CATALOG_ONLY,,,,,air-and-style--2010,Air + Style,2010,Beijing,verified,import,
CATALOG_ONLY,,,,,burton-canadian-open--2010,Burton Canadian Open Snowboarding Championships,2010,Canada Olympic Park,verified,import,
CATALOG_ONLY,,,,,burton-european-open--2010,Burton European Open,2010,Laax,likely,import,
CATALOG_ONLY,,,,,burton-global-open-series--2010,Burton Global Open Series,2010,,likely,import,
CATALOG_ONLY,,,,,burton-new-zealand-open--2010,Burton New Zealand Open,2010,Cardrona Alpine Resort,verified,import,
CATALOG_ONLY,,,,,us-open-snowboarding--2010,Burton US Open Snowboarding Championships,2010,Stratton Mountain,likely,import,
CATALOG_ONLY,,,,,dirksen-derby--2010,Dirksen Derby,2010,Mt. Bachelor,verified,import,
CATALOG_ONLY,,,,,fis-snowboard-junior-world-championships--2010,FIS Snowboard Junior World Championships,2010,Otago,verified,import,
CATALOG_ONLY,,,,,fis-snowboard-world-cup--2010,FIS Snowboard World Cup,2010,,verified,import,
CATALOG_ONLY,,,,,holy-oly-revival--2010,Holy Oly Revival,2010,The Summit at Snoqualmie,likely,import,
CATALOG_ONLY,,,,,nescafe-champs-leysin--2010,NESCAFE Champs,2010,Leysin,likely,import,
CATALOG_ONLY,,,,,oneill-evolution--2010,O'Neill Evolution,2010,"Bolgen, Jakobshorn",verified,import,
CATALOG_ONLY,,,,,oakley-girl-sessions-ruka--2010,Oakley Girl Sessions,2010,Ruka BatteryPark,verified,import,
CATALOG_ONLY,,,,,shakedown-snowboard-games--2010,Shakedown,2010,Mont Saint-Sauveur,likely,import,
CATALOG_ONLY,,,,,olympic-snowboarding--2010,Snowboarding at the Olympic Winter Games,2010,Cypress Mountain,verified,import,
CATALOG_ONLY,,,,,stylewars-australia--2010,StyleWars,2010,Falls Creek,likely,import,
CATALOG_ONLY,,,,,ttr-world-snowboard-tour--2010,TTR World Snowboard Tour,2010,,verified,import,
CATALOG_ONLY,,,,,the-arctic-challenge--2010,The Arctic Challenge,2010,Oslo,verified,import,
CATALOG_ONLY,,,,,toyota-big-air--2010,Toyota Big Air,2010,Makomanai Sekisui Heim Stadium,verified,import,
CATALOG_ONLY,,,,,winter-dew-tour--2010-a,Winter Dew Tour,2010,Snowbasin Resort,likely,import,
CATALOG_ONLY,,,,,winter-dew-tour--2010-b,Winter Dew Tour,2010,Mount Snow,likely,import,
CATALOG_ONLY,,,,,winter-dew-tour--2010-c,Winter Dew Tour,2010,Northstar-at-Tahoe Resort,likely,import,
CATALOG_ONLY,,,,,winter-dew-tour--2010-d,Winter Dew Tour,2010,Breckenridge Ski Resort,verified,import,
CATALOG_ONLY,,,,,winter-x-games--2010,Winter X Games (Aspen),2010,Buttermilk Mountain,likely,import,
CATALOG_ONLY,,,,,winter-x-games-europe--2010,Winter X Games Europe,2010,Tignes,verified,import,
CATALOG_ONLY,,,,,world-rookie-finals--2010,World Rookie Finals,2010,Ischgl,likely,import,
CATALOG_ONLY,,,,,air-and-style--2011-a,Air + Style,2011,Bergisel Stadium,verified,import,
CATALOG_ONLY,,,,,air-and-style--2011-b,Air + Style,2011,Olympiastadion,verified,import,
CATALOG_ONLY,,,,,air-and-style--2011-c,Air + Style,2011,Beijing,verified,import,
CATALOG_ONLY,,,,,burton-european-open--2011,Burton European Open,2011,Laax,verified,import,
CATALOG_ONLY,,,,,burton-new-zealand-open--2011,Burton New Zealand Open,2011,Cardrona Alpine Resort,verified,import,
CATALOG_ONLY,,,,,us-open-snowboarding--2011,Burton US Open Snowboarding Championships,2011,Stratton Mountain,verified,import,
CATALOG_ONLY,,,,,dirksen-derby--2011,Dirksen Derby,2011,Mt. Bachelor,verified,import,
CATALOG_ONLY,,,,,fis-snowboard-junior-world-championships--2011,FIS Snowboard Junior World Championships,2011,Chiesa in Valmalenco,verified,import,
CATALOG_ONLY,,,,,fis-snowboard-world-championships--2011,FIS Snowboard World Championships,2011,La Molina,verified,import,
CATALOG_ONLY,,,,,fis-snowboard-world-cup--2011,FIS Snowboard World Cup,2011,,verified,import,
CATALOG_ONLY,,,,,mt-baker-legendary-banked-slalom--2011,Mt. Baker Legendary Banked Slalom,2011,Mt. Baker Ski Area,verified,import,
CATALOG_ONLY,,,,,nescafe-champs-leysin--2011,NESCAFE Champs,2011,Leysin,likely,import,
CATALOG_ONLY,,,,,norwegian-snowboard-championships--2011,Norwegian Snowboard Championships,2011,Oslo Vinterpark and Trysil,likely,import,
CATALOG_ONLY,,,,,oneill-evolution--2011,O'Neill Evolution,2011,"Bolgen, Jakobshorn",verified,import,
CATALOG_ONLY,,,,,shakedown-snowboard-games--2011,Shakedown,2011,Mont Saint-Sauveur,likely,import,
CATALOG_ONLY,,,,,canada-winter-games-snowboarding--2011,Snowboarding at the Canada Winter Games,2011,Ski Martock,verified,import,
CATALOG_ONLY,,,,,stylewars-australia--2011,StyleWars,2011,,likely,import,
CATALOG_ONLY,,,,,ttr-world-snowboard-tour--2011,TTR World Snowboard Tour,2011,,verified,import,
CATALOG_ONLY,,,,,the-arctic-challenge--2011,The Arctic Challenge,2011,Oslo Vinterpark,verified,import,
CATALOG_ONLY,,,,,toyota-big-air--2011,Toyota Big Air,2011,Makomanai Sekisui Heim Stadium,verified,import,
CATALOG_ONLY,,,,,winter-dew-tour--2011-a,Winter Dew Tour,2011,Killington Resort,verified,import,
CATALOG_ONLY,,,,,winter-dew-tour--2011-b,Winter Dew Tour,2011,Snowbasin Resort,verified,import,
CATALOG_ONLY,,,,,winter-dew-tour--2011-c,Winter Dew Tour,2011,Breckenridge Ski Resort,verified,import,
CATALOG_ONLY,,,,,winter-games-nz--2011,Winter Games NZ,2011,"Dunedin, Methven, Naseby, Queenstown, Wanaka",likely,import,
CATALOG_ONLY,,,,,winter-x-games--2011,Winter X Games (Aspen),2011,Buttermilk Mountain,likely,import,
CATALOG_ONLY,,,,,winter-x-games-europe--2011,Winter X Games Europe,2011,Tignes,verified,import,
CATALOG_ONLY,,,,,world-rookie-finals--2011,World Rookie Finals,2011,Ischgl,likely,import,
CATALOG_ONLY,,,,,air-and-style--2012-a,Air + Style,2012,Bergisel Stadium,verified,import,
CATALOG_ONLY,,,,,air-and-style--2012-b,Air + Style,2012,Beijing,verified,import,
CATALOG_ONLY,,,,,argentina-snowboard-tour--2012,Argentina Snowboard Tour,2012,,likely,import,
CATALOG_ONLY,,,,,burton-european-open--2012,Burton European Open,2012,Laax,verified,import,
CATALOG_ONLY,,,,,us-open-snowboarding--2012,Burton US Open Snowboarding Championships,2012,Stratton Mountain,verified,import,
CATALOG_ONLY,,,,,dirksen-derby--2012,Dirksen Derby,2012,"Carousel Chair, Mt. Bachelor",verified,import,
CATALOG_ONLY,,,,,fis-snowboard-junior-world-championships--2012,FIS Snowboard Junior World Championships,2012,Sierra Nevada,verified,import,
CATALOG_ONLY,,,,,fis-snowboard-world-cup--2012,FIS Snowboard World Cup,2012,,verified,import,
CATALOG_ONLY,,,,,hot-dawgz-and-hand-rails--2012,Hot Dawgz & Hand Rails,2012,Bear Mountain,verified,import,
CATALOG_ONLY,,,,,mt-baker-legendary-banked-slalom--2012,Mt. Baker Legendary Banked Slalom,2012,Mt. Baker Ski Area,verified,import,
CATALOG_ONLY,,,,,nescafe-champs-leysin--2012,NESCAFE Champs,2012,Leysin,verified,import,
CATALOG_ONLY,,,,,oneill-evolution--2012,O'Neill Evolution,2012,Davos,likely,import,
CATALOG_ONLY,,,,,rey-del-park--2012,Rey del Park,2012,El Colorado,verified,import,
CATALOG_ONLY,,,,,shakedown-snowboard-games--2012,Shakedown,2012,Mont Saint-Sauveur,likely,import,
CATALOG_ONLY,,,,,winter-youth-olympic-snowboarding--2012,Snowboarding at the Winter Youth Olympic Games,2012,"Nordkette, Innsbruck and Kuehtai",likely,import,
CATALOG_ONLY,,,,,ttr-world-snowboard-tour--2012,TTR World Snowboard Tour,2012,,verified,import,
CATALOG_ONLY,,,,,tenjin-banked-slalom--2012,Tenjin Banked Slalom,2012,Tenjindaira,verified,import,
CATALOG_ONLY,,,,,toyota-big-air--2012,Toyota Big Air,2012,Sapporo Dome,verified,import,
CATALOG_ONLY,,,,,waengl-taengl--2012,Vans Waengl Taengl,2012,Mayrhofen,verified,import,
CATALOG_ONLY,,,,,wsf-south-america-tour--2012,WSF South America Tour,2012,,verified,import,
CATALOG_ONLY,,,,,winter-dew-tour--2012-a,Winter Dew Tour,2012,Killington Resort,verified,import,
CATALOG_ONLY,,,,,winter-dew-tour--2012-b,Winter Dew Tour,2012,Snowbasin Resort,verified,import,
CATALOG_ONLY,,,,,winter-dew-tour--2012-c,Winter Dew Tour,2012,Breckenridge Ski Resort,verified,import,
CATALOG_ONLY,,,,,winter-x-games--2012,Winter X Games (Aspen),2012,Buttermilk Mountain,verified,import,
CATALOG_ONLY,,,,,winter-x-games-europe--2012,Winter X Games Europe,2012,Tignes,verified,import,
CATALOG_ONLY,,,,,world-rookie-finals--2012,World Rookie Finals,2012,Ischgl,likely,import,
CATALOG_ONLY,,,,,world-snowboarding-championships--2012,World Snowboarding Championships,2012,Oslo,verified,import,
CATALOG_ONLY,,,,,air-and-style--2013-a,Air + Style,2013,Bergisel Stadium,verified,import,
CATALOG_ONLY,,,,,air-and-style--2013-b,Air + Style,2013,Mexico City,likely,import,
CATALOG_ONLY,,,,,air-and-style--2013-c,Air + Style,2013,Beijing,verified,import,
CATALOG_ONLY,,,,,audi-snowboard-series--2013,Audi Snowboard Series,2013,,verified,import,
CATALOG_ONLY,,,,,blue-mountain-fis-snowboard-world-cup--2013,Blue Mountain FIS Snowboard World Cup,2013,Blue Mountain Resort,likely,import,
CATALOG_ONLY,,,,,us-open-snowboarding--2013,Burton US Open Snowboarding Championships,2013,Vail Mountain,verified,import,
CATALOG_ONLY,,,,,canada-snowboard-national-championships--2013,Canadian National Snowboard Championships,2013,Big White Ski Resort,verified,import,
CATALOG_ONLY,,,,,dirksen-derby--2013,Dirksen Derby,2013,"Little Pine Chair, Mt. Bachelor",verified,import,
CATALOG_ONLY,,,,,fis-snowboard-junior-world-championships--2013,FIS Snowboard Junior World Championships,2013,Erzurum,verified,import,
CATALOG_ONLY,,,,,fis-snowboard-world-championships--2013,FIS Snowboard World Championships,2013,Stoneham,verified,import,
CATALOG_ONLY,,,,,fis-snowboard-world-cup--2013,FIS Snowboard World Cup,2013,,verified,import,
CATALOG_ONLY,,,,,hot-dawgz-and-hand-rails--2013,Hot Dawgz & Hand Rails,2013,Bear Mountain,verified,import,
CATALOG_ONLY,,,,,mt-baker-legendary-banked-slalom--2013,Mt. Baker Legendary Banked Slalom,2013,Mt. Baker Ski Area,verified,import,
CATALOG_ONLY,,,,,nescafe-champs-leysin--2013,NESCAFE Champs,2013,Leysin,verified,import,
CATALOG_ONLY,,,,,oneill-evolution--2013,O'Neill Evolution,2013,Jakobshorn base,verified,import,
CATALOG_ONLY,,,,,rey-del-park--2013,Rey del Park,2013,El Colorado,verified,import,
CATALOG_ONLY,,,,,shakedown-snowboard-games--2013,Shakedown,2013,Mont Saint-Sauveur,likely,import,
CATALOG_ONLY,,,,,snowboard-jamboree--2013,Snowboard Jamboree,2013,Stoneham Mountain Resort,likely,import,
CATALOG_ONLY,,,,,ttr-world-snowboard-tour--2013,TTR World Snowboard Tour,2013,,verified,import,
CATALOG_ONLY,,,,,the-arctic-challenge--2013,The Arctic Challenge,2013,Tryvann vinterpark,likely,import,
CATALOG_ONLY,,,,,toyota-big-air--2013,Toyota Big Air,2013,Sapporo Dome,verified,import,
CATALOG_ONLY,,,,,waengl-taengl--2013,Vans Waengl Taengl,2013,"Mayrhofen, Zillertal",verified,import,
CATALOG_ONLY,,,,,winter-dew-tour--2013,Winter Dew Tour,2013,Breckenridge Ski Resort,verified,import,
CATALOG_ONLY,,,,,winter-games-nz--2013,Winter Games NZ,2013,"Naseby, Queenstown, Wanaka",likely,import,
CATALOG_ONLY,,,,,winter-x-games--2013,Winter X Games (Aspen),2013,Buttermilk Mountain,verified,import,
CATALOG_ONLY,,,,,winter-x-games-europe--2013,Winter X Games Europe,2013,Tignes,likely,import,
CATALOG_ONLY,,,,,air-and-style--2014,Air + Style,2014,Beijing,verified,import,
CATALOG_ONLY,,,,,argentina-snowboard-tour--2014,Argentina Snowboard Tour,2014,,likely,import,
CATALOG_ONLY,,,,,audi-nines--2014,Audi Nines,2014,Livigno,likely,import,
CATALOG_ONLY,,,,,burton-european-open--2014,Burton European Open,2014,Laax,likely,import,
CATALOG_ONLY,,,,,us-open-snowboarding--2014,Burton US Open Snowboarding Championships,2014,Vail Mountain,verified,import,
CATALOG_ONLY,,,,,canada-snowboard-national-championships--2014,Canadian National Snowboard Championships,2014,Mont Tremblant,verified,import,
CATALOG_ONLY,,,,,dirksen-derby--2014,Dirksen Derby,2014,Mt. Bachelor,verified,import,
CATALOG_ONLY,,,,,fis-snowboard-junior-world-championships--2014,FIS Snowboard Junior World Championships,2014,Chiesa in Valmalenco,verified,import,
CATALOG_ONLY,,,,,fis-snowboard-world-cup--2014,FIS Snowboard World Cup,2014,,verified,import,
CATALOG_ONLY,,,,,mt-baker-legendary-banked-slalom--2014,Mt. Baker Legendary Banked Slalom,2014,Mt. Baker Ski Area,verified,import,
CATALOG_ONLY,,,,,oneill-evolution--2014,O'Neill Evolution,2014,Davos,verified,import,
CATALOG_ONLY,,,,,shakedown-snowboard-games--2014,Shakedown,2014,Mont Saint-Sauveur,likely,import,
CATALOG_ONLY,,,,,snowboard-jamboree--2014,Snowboard Jamboree,2014,Stoneham Mountain Resort and Quebec City,verified,import,
CATALOG_ONLY,,,,,olympic-snowboarding--2014,Snowboarding at the Olympic Winter Games,2014,Rosa Khutor Extreme Park,verified,import,
CATALOG_ONLY,,,,,swiss-snowboard-championships--2014,Swiss Snowboard Championships,2014,Corvatsch,verified,import,
CATALOG_ONLY,,,,,ttr-world-snowboard-tour--2014,TTR World Snowboard Tour,2014,,likely,import,
CATALOG_ONLY,,,,,the-arctic-challenge--2014,The Arctic Challenge,2014,Oslo,verified,import,
CATALOG_ONLY,,,,,toyota-big-air--2014,Toyota Big Air,2014,Sapporo Dome,likely,import,
CATALOG_ONLY,,,,,winter-dew-tour--2014,Winter Dew Tour,2014,Breckenridge Ski Resort,likely,import,
CATALOG_ONLY,,,,,winter-x-games--2014,Winter X Games (Aspen),2014,Buttermilk Mountain,verified,import,
CATALOG_ONLY,,,,,world-rookie-finals--2014,World Rookie Finals,2014,Ischgl,likely,import,
CATALOG_ONLY,,,,,air-and-style--2015-a,Air + Style,2015,Innsbruck,verified,import,
CATALOG_ONLY,,,,,air-and-style--2015-b,Air + Style,2015,Rose Bowl parking lot,verified,import,
CATALOG_ONLY,,,,,air-and-style--2015-c,Air + Style,2015,Beijing Olympic Sports Centre,likely,import,
CATALOG_ONLY,,,,,burton-european-open--2015,Burton European Open,2015,Laax,likely,import,
CATALOG_ONLY,,,,,burton-rail-days--2015,Burton Rail Days,2015,Roppongi Hills,likely,import,
CATALOG_ONLY,,,,,us-open-snowboarding--2015,Burton US Open Snowboarding Championships,2015,Vail Mountain,verified,import,
CATALOG_ONLY,,,,,dirksen-derby--2015,Dirksen Derby,2015,"Carousel Chair, Mt. Bachelor",verified,import,
CATALOG_ONLY,,,,,fis-snowboard-junior-world-championships--2015,FIS Snowboard Junior World Championships,2015,Yabuli,verified,import,
CATALOG_ONLY,,,,,fis-snowboard-world-championships--2015,FIS Snowboard World Championships,2015,Kreischberg,verified,import,
CATALOG_ONLY,,,,,fis-snowboard-world-cup--2015,FIS Snowboard World Cup,2015,,verified,import,
CATALOG_ONLY,,,,,kaunertal-opening--2015,Kaunertal Opening,2015,Snowpark Kaunertal,likely,import,
CATALOG_ONLY,,,,,pleasure-jam--2015,Pleasure Jam,2015,"Superpark Dachstein, Dachstein Glacier",verified,import,
CATALOG_ONLY,,,,,shakedown-snowboard-games--2015,Shakedown,2015,Mont Saint-Sauveur,likely,import,
CATALOG_ONLY,,,,,showcase-showdown--2015,Showcase Showdown,2015,"Nintendo Terrain Park, Blackcomb Mountain",verified,import,
CATALOG_ONLY,,,,,snowboard-jamboree--2015,Snowboard Jamboree,2015,"Stoneham Mountain Resort and Ilot Fleurie, Quebec City",verified,import,
CATALOG_ONLY,,,,,canada-winter-games-snowboarding--2015,Snowboarding at the Canada Winter Games,2015,Prince George,likely,import,
CATALOG_ONLY,,,,,suomi-tour--2015,Suomi Tour,2015,,verified,import,
CATALOG_ONLY,,,,,ttr-world-snowboard-tour--2015,TTR World Snowboard Tour,2015,,verified,import,
CATALOG_ONLY,,,,,tenjin-banked-slalom--2015,Tenjin Banked Slalom,2015,Tenjindaira Ski Resort,verified,import,
CATALOG_ONLY,,,,,winter-dew-tour--2015,Winter Dew Tour,2015,Breckenridge Ski Resort,verified,import,
CATALOG_ONLY,,,,,winter-games-nz--2015,Winter Games NZ,2015,"Naseby, Queenstown, Wanaka",likely,import,
CATALOG_ONLY,,,,,winter-x-games--2015,Winter X Games (Aspen),2015,Buttermilk Mountain,likely,import,
CATALOG_ONLY,,,,,world-rookie-finals--2015,World Rookie Finals,2015,Ischgl,likely,import,
CATALOG_ONLY,,,,,world-rookie-tour--2015,World Rookie Tour,2015,,verified,import,
CATALOG_ONLY,,,,,world-ski-snowboard-festival--2015,World Ski & Snowboard Festival,2015,Whistler Blackcomb and Whistler Village,verified,import,
CATALOG_ONLY,,,,,air-and-style--2016-a,Air + Style,2016,Olympiaworld Innsbruck,likely,import,
CATALOG_ONLY,,,,,air-and-style--2016-b,Air + Style,2016,Exposition Park,verified,import,
CATALOG_ONLY,,,,,audi-nines--2016,Audi Nines,2016,Watles,likely,import,
CATALOG_ONLY,,,,,us-open-snowboarding--2016,Burton US Open Snowboarding Championships,2016,Vail Mountain,verified,import,
CATALOG_ONLY,,,,,fis-snowboard-junior-world-championships--2016,FIS Snowboard Junior World Championships,2016,Seiser Alm (ITA) and Rogla (SLO),verified,import,
CATALOG_ONLY,,,,,fis-snowboard-world-cup--2016,FIS Snowboard World Cup,2016,,verified,import,
CATALOG_ONLY,,,,,laax-open--2016,LAAX OPEN,2016,LAAX,verified,import,
CATALOG_ONLY,,,,,mt-baker-legendary-banked-slalom--2016,Mt. Baker Legendary Banked Slalom,2016,Mt. Baker Ski Area,verified,import,
CATALOG_ONLY,,,,,pleasure-jam--2016,Pleasure Jam,2016,Superpark Dachstein,verified,import,
CATALOG_ONLY,,,,,qparks-snowboard-tour--2016,QParks Snowboard Tour,2016,,verified,import,
CATALOG_ONLY,,,,,snowboard-jamboree--2016,Snowboard Jamboree,2016,Ilot Fleurie,verified,import,
CATALOG_ONLY,,,,,winter-youth-olympic-snowboarding--2016,Snowboarding at the Winter Youth Olympic Games,2016,"Kanthaugen Freestyle Arena, Lillehammer and Hafjell, Oyer",likely,import,
CATALOG_ONLY,,,,,tenjin-banked-slalom--2016,Tenjin Banked Slalom,2016,Tenjin Ski Resort,verified,import,
CATALOG_ONLY,,,,,winter-dew-tour--2016,Winter Dew Tour,2016,Breckenridge Ski Resort,verified,import,
CATALOG_ONLY,,,,,winter-x-games--2016,Winter X Games (Aspen),2016,Buttermilk Mountain,verified,import,
CATALOG_ONLY,,,,,world-snowboarding-championships--2016,World Snowboarding Championships,2016,Yabuli,verified,import,
CATALOG_ONLY,,,,,x-games-norway--2016,X Games Norway,2016,Oslo Winter Park (snowboard superpipe) and Toyen (big air),verified,import,
CATALOG_ONLY,,,,,air-and-style--2017-a,Air + Style,2017,Olympiaworld Innsbruck,likely,import,
CATALOG_ONLY,,,,,air-and-style--2017-b,Air + Style,2017,Beijing,likely,import,
CATALOG_ONLY,,,,,air-and-style--2017-c,Air + Style,2017,Exposition Park,verified,import,
CATALOG_ONLY,,,,,audi-nines--2017,Audi Nines,2017,Watles,likely,import,
CATALOG_ONLY,,,,,big-white-para-snowboard-world-cup--2017,Big White Para Snowboard World Cup,2017,Big White Ski Resort,verified,import,
CATALOG_ONLY,,,,,us-open-snowboarding--2017,Burton US Open Snowboarding Championships,2017,Vail Mountain,verified,import,
CATALOG_ONLY,,,,,canada-snowboard-national-championships--2017-a,Canadian National Snowboard Championships,2017,Mt St Louis Moonstone and Horseshoe Resort,verified,import,
CATALOG_ONLY,,,,,canada-snowboard-national-championships--2017-b,Canadian National Snowboard Championships,2017,Mont Tremblant,verified,import,
CATALOG_ONLY,,,,,dirksen-derby--2017-b,Dirksen Derby,2017,"Sunrise Lodge, Mt. Bachelor",verified,import,
CATALOG_ONLY,,,,,dirksen-derby--2017-a,Dirksen Derby,2017,Hoodoo Ski Area,verified,import,
CATALOG_ONLY,,,,,fis-snowboard-junior-world-championships--2017,FIS Snowboard Junior World Championships,2017,"Klinovec (CZE), Laax (SUI), Spindleruv Mlyn (CZE)",verified,import,
CATALOG_ONLY,,,,,fis-snowboard-world-championships--2017,FIS Snowboard World Championships,2017,Sierra Nevada,verified,import,
CATALOG_ONLY,,,,,fis-snowboard-world-cup--2017,FIS Snowboard World Cup,2017,,verified,import,
CATALOG_ONLY,,,,,laax-open--2017,LAAX OPEN,2017,LAAX,likely,import,
CATALOG_ONLY,,,,,mt-baker-legendary-banked-slalom--2017,Mt. Baker Legendary Banked Slalom,2017,Mt. Baker Ski Area,likely,import,
CATALOG_ONLY,,,,,neil-edgeworth-memorial-banked-slalom--2017,Neil Edgeworth Memorial Banked Slalom,2017,Big White Ski Resort,verified,import,
CATALOG_ONLY,,,,,ttr-world-snowboard-tour--2017,TTR World Snowboard Tour,2017,,verified,import,
CATALOG_ONLY,,,,,tenjin-banked-slalom--2017,Tenjin Banked Slalom,2017,Tenjindaira,verified,import,
CATALOG_ONLY,,,,,winter-dew-tour--2017,Winter Dew Tour,2017,Breckenridge Ski Resort,verified,import,
CATALOG_ONLY,,,,,winter-games-nz--2017,Winter Games NZ,2017,"Naseby, Queenstown, Wanaka",likely,import,
CATALOG_ONLY,,,,,winter-x-games--2017,Winter X Games (Aspen),2017,Buttermilk Mountain,verified,import,
CATALOG_ONLY,,,,,world-rookie-finals--2017,World Rookie Finals,2017,Kitzsteinhorn,verified,import,
CATALOG_ONLY,,,,,x-games-norway--2017,X Games Norway,2017,Hafjell Alpinsenter,verified,import,
CATALOG_ONLY,,,,,air-and-style--2018,Air + Style,2018,Beijing Olympic Sports Centre,verified,import,
CATALOG_ONLY,,,,,audi-nines--2018,Audi Nines,2018,Soelden / Obergurgl,likely,import,
CATALOG_ONLY,,,,,big-white-para-snowboard-world-cup--2018,Big White Para Snowboard World Cup,2018,Big White Ski Resort,verified,import,
CATALOG_ONLY,,,,,us-open-snowboarding--2018,Burton US Open Snowboarding Championships,2018,Vail Mountain,verified,import,
CATALOG_ONLY,,,,,canada-snowboard-national-championships--2018-a,Canadian National Snowboard Championships,2018,Canada Olympic Park,verified,import,
CATALOG_ONLY,,,,,canada-snowboard-national-championships--2018-b,Canadian National Snowboard Championships,2018,Blue Mountain Resort,verified,import,
CATALOG_ONLY,,,,,canada-snowboard-national-championships--2018-c,Canadian National Snowboard Championships,2018,Big White Ski Resort,verified,import,
CATALOG_ONLY,,,,,canada-snowboard-national-championships--2018-d,Canadian National Snowboard Championships,2018,Big White Ski Resort,verified,import,
CATALOG_ONLY,,,,,dirksen-derby--2018,Dirksen Derby,2018,"Sunrise Lodge, Mt. Bachelor",verified,import,
CATALOG_ONLY,,,,,fis-snowboard-junior-world-championships--2018,FIS Snowboard Junior World Championships,2018,Cardrona,likely,import,
CATALOG_ONLY,,,,,fis-snowboard-world-cup--2018,FIS Snowboard World Cup,2018,,verified,import,
CATALOG_ONLY,,,,,laax-open--2018,LAAX OPEN,2018,LAAX,likely,import,
CATALOG_ONLY,,,,,mt-baker-legendary-banked-slalom--2018,Mt. Baker Legendary Banked Slalom,2018,Mt. Baker Ski Area,verified,import,
CATALOG_ONLY,,,,,snowboard-jamboree--2018,Snowboard Jamboree,2018,Quebec City,verified,import,
CATALOG_ONLY,,,,,olympic-snowboarding--2018,Snowboarding at the Olympic Winter Games,2018,Phoenix Snow Park,verified,import,
CATALOG_ONLY,,,,,winter-dew-tour--2018,Winter Dew Tour,2018,Breckenridge Ski Resort,verified,import,
CATALOG_ONLY,,,,,winter-games-nz--2018,Winter Games NZ,2018,"Naseby, Queenstown, Wanaka",likely,import,
CATALOG_ONLY,,,,,winter-x-games--2018,Winter X Games (Aspen),2018,Buttermilk Mountain,verified,import,
CATALOG_ONLY,,,,,world-ski-snowboard-festival--2018,World Ski & Snowboard Festival,2018,Whistler Blackcomb and Whistler Village,likely,import,
CATALOG_ONLY,,,,,x-games-norway--2018,X Games Norway,2018,"Telenor Arena, Fornebu",likely,import,
CATALOG_ONLY,,,,,air-and-style--2019,Air + Style,2019,Beijing,likely,import,
CATALOG_ONLY,,,,,audi-nines--2019,Audi Nines,2019,Soelden / Obergurgl,likely,import,
CATALOG_ONLY,,,,,big-white-para-snowboard-world-cup--2019,Big White Para Snowboard World Cup,2019,Big White Ski Resort,verified,import,
CATALOG_ONLY,,,,,us-open-snowboarding--2019,Burton US Open Snowboarding Championships,2019,Vail Mountain,verified,import,
CATALOG_ONLY,,,,,canada-snowboard-national-championships--2019-a,Canadian National Snowboard Championships,2019,Canada Olympic Park,verified,import,
CATALOG_ONLY,,,,,canada-snowboard-national-championships--2019-b,Canadian National Snowboard Championships,2019,Blue Mountain Resort,verified,import,
CATALOG_ONLY,,,,,canada-snowboard-national-championships--2019-c,Canadian National Snowboard Championships,2019,Big White Ski Resort,verified,import,
CATALOG_ONLY,,,,,canada-snowboard-national-championships--2019-d,Canadian National Snowboard Championships,2019,Big White Ski Resort,verified,import,
CATALOG_ONLY,,,,,dirksen-derby--2019,Dirksen Derby,2019,Mt. Bachelor,verified,import,
CATALOG_ONLY,,,,,fis-snowboard-junior-world-championships--2019,FIS Snowboard Junior World Championships,2019,"Leysin (SUI), Rogla (SLO), Reiteralm (AUT), Klaeppen (SWE)",likely,import,
CATALOG_ONLY,,,,,fis-snowboard-world-championships--2019,FIS Snowboard World Championships,2019,Park City,verified,import,
CATALOG_ONLY,,,,,fis-snowboard-world-cup--2019,FIS Snowboard World Cup,2019,,verified,import,
CATALOG_ONLY,,,,,laax-open--2019,LAAX OPEN,2019,LAAX,likely,import,
CATALOG_ONLY,,,,,neil-edgeworth-memorial-banked-slalom--2019,Neil Edgeworth Memorial Banked Slalom,2019,Big White Ski Resort,verified,import,
CATALOG_ONLY,,,,,snowboard-jamboree--2019,Snowboard Jamboree,2019,Quebec City,verified,import,
CATALOG_ONLY,,,,,canada-winter-games-snowboarding--2019,Snowboarding at the Canada Winter Games,2019,Canyon Ski Resort and WinSport Canada Olympic Park,likely,import,
CATALOG_ONLY,,,,,winsport-calgary-world-cup--2019,WinSport Canada Olympic Park FIS World Cup (Calgary),2019,Canada Olympic Park,verified,import,
CATALOG_ONLY,,,,,winter-games-nz--2019,Winter Games NZ,2019,"Queenstown, Wanaka",likely,import,
CATALOG_ONLY,,,,,winter-x-games--2019,Winter X Games (Aspen),2019,Buttermilk Mountain,likely,import,
CATALOG_ONLY,,,,,world-ski-snowboard-festival--2019,World Ski & Snowboard Festival,2019,Whistler Blackcomb and Whistler Village,likely,import,
CATALOG_ONLY,,,,,x-games-norway--2019,X Games Norway,2019,"Telenor Arena, Fornebu",likely,import,
CATALOG_ONLY,,,,,blue-mountain-fis-snowboard-world-cup--2020,Blue Mountain FIS Snowboard World Cup,2020,Blue Mountain Resort,verified,import,
CATALOG_ONLY,,,,,us-open-snowboarding--2020,Burton US Open Snowboarding Championships,2020,"Golden Peak, Vail Mountain",verified,import,
CATALOG_ONLY,,,,,dirksen-derby--2020,Dirksen Derby,2020,Virtual (Instagram),verified,import,
CATALOG_ONLY,,,,,fis-snowboard-junior-world-championships--2020,FIS Snowboard Junior World Championships,2020,St. Lary (FRA) and Lachtal (AUT),likely,import,
CATALOG_ONLY,,,,,fis-snowboard-world-cup--2020,FIS Snowboard World Cup,2020,,verified,import,
CATALOG_ONLY,,,,,laax-open--2020,LAAX OPEN,2020,LAAX,likely,import,
CATALOG_ONLY,,,,,mt-baker-legendary-banked-slalom--2020,Mt. Baker Legendary Banked Slalom,2020,Mt. Baker Ski Area,verified,import,
CATALOG_ONLY,,,,,winter-youth-olympic-snowboarding--2020,Snowboarding at the Winter Youth Olympic Games,2020,"Leysin Park & Pipe, Leysin and Villars Winter Park, Villars",verified,import,
CATALOG_ONLY,,,,,winsport-calgary-world-cup--2020,WinSport Canada Olympic Park FIS World Cup (Calgary),2020,Canada Olympic Park,verified,import,
CATALOG_ONLY,,,,,winter-dew-tour--2020,Winter Dew Tour,2020,Copper Mountain Resort,verified,import,
CATALOG_ONLY,,,,,winter-games-nz--2020,Winter Games NZ,2020,"Queenstown, Wanaka",likely,import,
CATALOG_ONLY,,,,,winter-x-games--2020,Winter X Games (Aspen),2020,Buttermilk Mountain,likely,import,
CATALOG_ONLY,,,,,world-ski-snowboard-festival--2020,World Ski & Snowboard Festival,2020,Whistler Blackcomb,likely,import,
CATALOG_ONLY,,,,,x-games-norway--2020,X Games Norway,2020,Hafjell Alpinsenter,verified,import,
CATALOG_ONLY,,,,,us-open-snowboarding--2021,Burton US Open Snowboarding Championships,2021,Vail Mountain,verified,import,
CATALOG_ONLY,,,,,dirksen-derby--2021,Dirksen Derby,2021,"Red Chair, Mt. Bachelor",verified,import,
CATALOG_ONLY,,,,,fis-snowboard-junior-world-championships--2021,FIS Snowboard Junior World Championships,2021,Lachtal (AUT) and Krasnoyarsk (RUS),likely,import,
CATALOG_ONLY,,,,,fis-snowboard-world-championships--2021,FIS Snowboard World Championships,2021,"Idre Fjall (SWE), Rogla (SLO), Aspen, Colorado (USA)",verified,import,
CATALOG_ONLY,,,,,fis-snowboard-world-cup--2021,FIS Snowboard World Cup,2021,,verified,import,
CATALOG_ONLY,,,,,laax-open--2021,LAAX OPEN,2021,LAAX,likely,import,
CATALOG_ONLY,,,,,mt-baker-legendary-banked-slalom--2021,Mt. Baker Legendary Banked Slalom,2021,Mt. Baker Ski Area,verified,import,
CATALOG_ONLY,,,,,us-snowboarding-grand-prix--2021,Toyota U.S. Grand Prix,2021,Copper Mountain Resort,likely,import,
CATALOG_ONLY,,,,,winter-dew-tour--2021,Winter Dew Tour,2021,Copper Mountain Resort,likely,import,
CATALOG_ONLY,,,,,winter-games-nz--2021,Winter Games NZ,2021,,likely,import,
CATALOG_ONLY,,,,,winter-x-games--2021,Winter X Games (Aspen),2021,Buttermilk Mountain,verified,import,
CATALOG_ONLY,,,,,world-ski-snowboard-festival--2021,World Ski & Snowboard Festival,2021,Whistler Blackcomb,likely,import,
CATALOG_ONLY,,,,,dirksen-derby--2022,Dirksen Derby,2022,"Skyliner Chair, Mt. Bachelor",verified,import,
CATALOG_ONLY,,,,,fis-snowboard-junior-world-championships--2022,FIS Snowboard Junior World Championships,2022,"Leysin (SUI), Veysonnaz (SUI), Chiesa in Valmalenco (ITA)",verified,import,
CATALOG_ONLY,,,,,fis-snowboard-world-cup--2022,FIS Snowboard World Cup,2022,,verified,import,
CATALOG_ONLY,,,,,jsba-all-japan-snowboard-championships--2022,JSBA All Japan Snowboard Championships,2022,Sapporo Bankei Ski Area and Nayoro Piyashiri Ski Area,verified,import,
CATALOG_ONLY,,,,,kaunertal-opening--2022,Kaunertal Opening,2022,"Snowpark Kaunertal, Kaunertal Glacier",verified,import,
CATALOG_ONLY,,,,,laax-open--2022,LAAX OPEN,2022,LAAX,likely,import,
CATALOG_ONLY,,,,,mt-baker-legendary-banked-slalom--2022,Mt. Baker Legendary Banked Slalom,2022,Mt. Baker Ski Area,verified,import,
CATALOG_ONLY,,,,,pacwest-banked-slalom--2022,PacWest Banked Slalom,2022,"Summit East, The Summit at Snoqualmie",likely,import,
CATALOG_ONLY,,,,,olympic-snowboarding--2022,Snowboarding at the Olympic Winter Games,2022,"Genting Snow Park, Zhangjiakou / Big Air Shougang, Beijing",verified,import,
CATALOG_ONLY,,,,,winter-games-nz--2022,Winter Games NZ,2022,"Queenstown, Wanaka",likely,import,
CATALOG_ONLY,,,,,winter-x-games--2022,Winter X Games (Aspen),2022,Buttermilk Ski Resort,verified,import,
CATALOG_ONLY,,,,,world-ski-snowboard-festival--2022,World Ski & Snowboard Festival,2022,Whistler Blackcomb and Whistler Village,likely,import,
CATALOG_ONLY,,,,,dirksen-derby--2023,Dirksen Derby,2023,"The Cone / Ed's Garden, Mt. Bachelor",verified,import,
CATALOG_ONLY,,,,,fis-snowboard-junior-world-championships--2023,FIS Snowboard Junior World Championships,2023,"Bansko (BUL), Passo San Pellegrino (ITA), Cardrona (NZL)",likely,import,
CATALOG_ONLY,,,,,fis-snowboard-world-championships--2023,FIS Snowboard World Championships,2023,Bakuriani,verified,import,
CATALOG_ONLY,,,,,fis-snowboard-world-cup--2023,FIS Snowboard World Cup,2023,,verified,import,
CATALOG_ONLY,,,,,jsba-all-japan-snowboard-championships--2023,JSBA All Japan Snowboard Championships,2023,Ishiuchi Maruyama Ski Resort and Tsugaike Kogen Ski Resort,verified,import,
CATALOG_ONLY,,,,,laax-open--2023,LAAX OPEN,2023,LAAX,likely,import,
CATALOG_ONLY,,,,,mt-baker-legendary-banked-slalom--2023,Mt. Baker Legendary Banked Slalom,2023,Mt. Baker Ski Area,verified,import,
CATALOG_ONLY,,,,,x-trail-jam--2023,Nissan X-Trail Jam,2023,Palcall Tsumagoi Ski Resort,verified,import,
CATALOG_ONLY,,,,,canada-winter-games-snowboarding--2023,Snowboarding at the Canada Winter Games,2023,Mark Arendz Provincial Ski Park,likely,import,
CATALOG_ONLY,,,,,the-brits--2023,The BRITS,2023,Cairngorm Mountain,verified,import,
CATALOG_ONLY,,,,,usasa-national-championships--2023,USASA National Championships,2023,Copper Mountain,verified,import,
CATALOG_ONLY,,,,,winter-dew-tour--2023,Winter Dew Tour,2023,Copper Mountain Resort,verified,import,
CATALOG_ONLY,,,,,winter-games-nz--2023,Winter Games NZ,2023,"Cardrona Alpine Resort, Coronet Peak, The Remarkables",verified,import,
CATALOG_ONLY,,,,,winter-x-games--2023,Winter X Games (Aspen),2023,Buttermilk Ski Resort,verified,import,
CATALOG_ONLY,,,,,dirksen-derby--2024,Dirksen Derby,2024,"Lower Flying Dutchman (Old Family Cross), Mt. Bachelor",verified,import,
CATALOG_ONLY,,,,,fis-snowboard-junior-world-championships--2024,FIS Snowboard Junior World Championships,2024,"Lachtal (AUT), Livigno/Mottolino (ITA), Gudauri (GEO)",verified,import,
CATALOG_ONLY,,,,,fis-snowboard-world-cup--2024,FIS Snowboard World Cup,2024,,verified,import,
CATALOG_ONLY,,,,,jsba-all-japan-snowboard-championships--2024,JSBA All Japan Snowboard Championships,2024,,likely,import,
CATALOG_ONLY,,,,,laax-open--2024,LAAX OPEN,2024,LAAX,likely,import,
CATALOG_ONLY,,,,,mt-baker-legendary-banked-slalom--2024,Mt. Baker Legendary Banked Slalom,2024,Mt. Baker Ski Area,verified,import,
CATALOG_ONLY,,,,,neil-edgeworth-memorial-banked-slalom--2024,Neil Edgeworth Memorial Banked Slalom,2024,"TELUS Park, Big White Ski Resort",likely,import,
CATALOG_ONLY,,,,,pacwest-banked-slalom--2024,PacWest Banked Slalom,2024,"Summit East, The Summit at Snoqualmie",likely,import,
CATALOG_ONLY,,,,,snowboard-masters-japan--2024,SNOWBOARD MASTERS,2024,"Yamabiko B Course, Nozawa Onsen Ski Resort",verified,import,
CATALOG_ONLY,,,,,winter-youth-olympic-snowboarding--2024,Snowboarding at the Winter Youth Olympic Games,2024,Welli Hilli Park Ski Resort,verified,import,
CATALOG_ONLY,,,,,winter-dew-tour--2024,Winter Dew Tour,2024,Copper Mountain Resort,likely,import,
CATALOG_ONLY,,,,,winter-games-nz--2024,Winter Games NZ,2024,"Queenstown, Wanaka",likely,import,
CATALOG_ONLY,,,,,winter-x-games--2024,Winter X Games (Aspen),2024,Buttermilk Ski Resort,verified,import,
CATALOG_ONLY,,,,,world-rookie-finals--2024,World Rookie Finals,2024,,likely,import,
CATALOG_ONLY,,,,,world-rookie-tour--2024,World Rookie Tour,2024,Mottolino Snowpark and Snowpark20,verified,import,
CATALOG_ONLY,,,,,bc-snowboard-provincial-series--2025,BC Snowboard Provincial Series,2025,,verified,import,
CATALOG_ONLY,,,,,big-white-para-snowboard-world-cup--2025,Big White Para Snowboard World Cup,2025,"TELUS Park, Big White Ski Resort",verified,import,
CATALOG_ONLY,,,,,dirksen-derby--2025,Dirksen Derby,2025,Mt. Bachelor,likely,import,
CATALOG_ONLY,,,,,fis-snowboard-junior-world-championships--2025,FIS Snowboard Junior World Championships,2025,Zakopane/Suche (POL) and Isola 2000 (FRA),likely,import,
CATALOG_ONLY,,,,,fis-snowboard-world-championships--2025,FIS Snowboard World Championships,2025,Engadin,verified,import,
CATALOG_ONLY,,,,,fis-snowboard-world-cup--2025,FIS Snowboard World Cup,2025,,verified,import,
CATALOG_ONLY,,,,,jsba-all-japan-snowboard-championships--2025,JSBA All Japan Snowboard Championships,2025,Aizu Kogen Takatsue Ski Resort and Takasu Snow Park,verified,import,
CATALOG_ONLY,,,,,laax-open--2025,LAAX OPEN,2025,LAAX,likely,import,
CATALOG_ONLY,,,,,mt-baker-legendary-banked-slalom--2025,Mt. Baker Legendary Banked Slalom,2025,Mt. Baker Ski Area,verified,import,
CATALOG_ONLY,,,,,mt-spokane-banked-slalom--2025,Mt. Spokane Banked Slalom,2025,Mt. Spokane Ski & Snowboard Park,likely,import,
CATALOG_ONLY,,,,,neil-edgeworth-memorial-banked-slalom--2025,Neil Edgeworth Memorial Banked Slalom,2025,Big White Ski Resort,verified,import,
CATALOG_ONLY,,,,,niseko-moiwa-banked-slalom--2025,Niseko Moiwa Banked Slalom,2025,Niseko Moiwa Ski Resort,verified,import,
CATALOG_ONLY,,,,,rattlesnake-banked-slalom--2025,Rattlesnake Banked Slalom,2025,Buck Hill,likely,import,
CATALOG_ONLY,,,,,spring-battle--2025,Spring Battle,2025,Absolut Park,verified,import,
CATALOG_ONLY,,,,,usasa-national-championships--2025,USASA National Championships,2025,Copper Mountain,verified,import,
CATALOG_ONLY,,,,,winter-x-games--2025,Winter X Games (Aspen),2025,Buttermilk Ski Resort,verified,import,
CATALOG_ONLY,,,,,world-rookie-finals--2025,World Rookie Finals,2025,Kitzsteinhorn,likely,import,
CATALOG_ONLY,,,,,world-ski-snowboard-festival--2025,World Ski & Snowboard Festival,2025,Whistler Blackcomb and Whistler Village,likely,import,
CATALOG_ONLY,,,,,zillertal-valley-ralley--2025,Zillertal Vaelley Raelley,2025,"Zillertal, Tirol",verified,import,
CATALOG_ONLY,,,,,a-robs-smash-life-banked-slalom--2026,A-Rob's Smash Life Banked Slalom,2026,Lost Trail Powder Mountain,likely,import,
CATALOG_ONLY,,,,,baldy-banked-slalom--2026,Baldy Banked Slalom,2026,Sun Valley Resort,likely,import,
CATALOG_ONLY,,,,,bomber-banked-slalom--2026,Bomber Banked Slalom,2026,Mission Ridge Ski and Board Resort,likely,import,
CATALOG_ONLY,,,,,bucket-banked-slalom--2026,Bucket Banked Slalom,2026,Winter Park Resort,likely,import,
CATALOG_ONLY,,,,,canada-snowboard-junior-nationals--2026,Canada Snowboard Junior National Championships,2026,Alpine Ski Club and Horseshoe Valley Resort,verified,import,
CATALOG_ONLY,,,,,canada-snowboard-national-championships--2026-a,Canadian National Snowboard Championships,2026,WinSport Canada Olympic Park,verified,import,
CATALOG_ONLY,,,,,canada-snowboard-national-championships--2026-b,Canadian National Snowboard Championships,2026,Mont Sainte-Anne,verified,import,
CATALOG_ONLY,,,,,canada-snowboard-national-championships--2026-c,Canadian National Snowboard Championships,2026,Val Saint-Come,verified,import,
CATALOG_ONLY,,,,,fis-snowboard-junior-world-championships--2026,FIS Snowboard Junior World Championships,2026,"Calgary (CAN), St. Moritz (SUI), Folgaria (ITA)",verified,import,
CATALOG_ONLY,,,,,fis-snowboard-world-cup--2026,FIS Snowboard World Cup,2026,,verified,import,
CATALOG_ONLY,,,,,focus-banked-slalom--2026,Focus Banked Slalom,2026,Tyrol Basin,likely,import,
CATALOG_ONLY,,,,,halo-halo-timberline--2026,Halo-Halo,2026,Timberline Lodge and Ski Area,likely,import,
CATALOG_ONLY,,,,,jla-mammoth-banked-slalom--2026,JLA Mammoth Banked Slalom,2026,Mammoth Mountain,likely,import,
CATALOG_ONLY,,,,,jsba-all-japan-snowboard-technical-championships--2026,JSBA All Japan Snowboard Technical Championships,2026,Snow Park Oze Iwakura,verified,import,
CATALOG_ONLY,,,,,laax-open--2026,LAAX OPEN,2026,LAAX,likely,import,
CATALOG_ONLY,,,,,mt-baker-legendary-banked-slalom--2026,Mt. Baker Legendary Banked Slalom,2026,Mt. Baker Ski Area,verified,import,
CATALOG_ONLY,,,,,nate-chute-banked-slalom--2026,Nate Chute Banked Slalom,2026,Whitefish Mountain Resort,likely,import,
CATALOG_ONLY,,,,,neil-edgeworth-memorial-banked-slalom--2026,Neil Edgeworth Memorial Banked Slalom,2026,Big White Ski Resort,verified,import,
CATALOG_ONLY,,,,,north-alps-banked-slalom--2026,North Alps Banked Slalom,2026,"Tsugaike Mountain Resort, Hannoki Special Course",verified,import,
CATALOG_ONLY,,,,,pacwest-banked-slalom--2026,PacWest Banked Slalom,2026,"Summit East, The Summit at Snoqualmie",verified,import,
CATALOG_ONLY,,,,,sidesurfers-banked-slalom--2026,Sidesurfers Banked Slalom,2026,Sugarbush Resort,likely,import,
CATALOG_ONLY,,,,,olympic-snowboarding--2026,Snowboarding at the Olympic Winter Games,2026,"Mottolino Montagna del Divertimento / Carosello 3000, Livigno",verified,import,
CATALOG_ONLY,,,,,sugarloaf-banked-slalom--2026,Sugarloaf Banked Slalom,2026,Sugarloaf,likely,import,
CATALOG_ONLY,,,,,bomb-hole-cup--2026,The Bomb Hole Cup,2026,Brighton Resort,likely,import,
CATALOG_ONLY,,,,,usasa-national-championships--2026,USASA National Championships,2026,Copper Mountain,likely,import,
CATALOG_ONLY,,,,,winter-x-games--2026,Winter X Games (Aspen),2026,Buttermilk Ski Resort,likely,import,
CATALOG_ONLY,,,,,world-ski-snowboard-festival--2026,World Ski & Snowboard Festival,2026,Whistler Blackcomb and Whistler Village,verified,import,
CATALOG_ONLY,,,,,mt-baker-legendary-banked-slalom--2027,Mt. Baker Legendary Banked Slalom,2027,Mt. Baker Ski Area,verified,import,
