series_id,series_name,former_names,category,governing_body,first_year,last_year,status,home_venue,country,region,disciplines,significance,sources,confidence,source_file
a-robs-smash-life-banked-slalom,A-Rob's Smash Life Banked Slalom,,grassroots-contest,independent,,,active,Lost Trail Powder Mountain,USA,north-america,banked-slalom,"Fundraiser banked slalom at Lost Trail, Montana celebrating the late snowboarders Aaron Robinson and Dillon Candelaria. The 2026 edition is listed for March 21.",https://localfreshies.com/banked-slalom-event-showcase/,likely,us-grassroots
air-and-style,Air + Style,Flying High Air & Style Contest | Red Bull Air & Style | Quiksilver Air & Style | G-Shock Air & Style | Nokia Air & Style | Billabong Air & Style | Nike 6.0 Air & Style | Oakley & Shaun White Present Air & Style | Opel Air + Style,major-contest,independent,1994,2019,dormant,,multiple,global,big-air | quarterpipe,"Started at the Bergisel ski-jump stadium in Innsbruck by Charly Weger and Andrew Hourmont as a single straight-jump contest with a USD 10,000 purse, and grew into the biggest stadium big air of the 1990s and 2000s. A fatal crowd crush after the 4 December 1999 edition killed five people (a sixth died four years later) and led the city of Innsbruck to refuse further events, moving the contest to Seefeld (2000-2004) and then Munich (2005-2007). It was a TTR 6Star and later became its own multi-city tour with stops in Beijing (from 2010) and Los Angeles (from 2015). Shaun White became majority owner in 2014. Edition numbering is inconsistent between sources.",https://en.wikipedia.org/wiki/Air_%26_Style | https://de.wikipedia.org/wiki/Air_%26_Style | https://austria-forum.org/af/AustriaWiki/Air_&_Style | https://whitelines.com/events/air-style-innsbruck | https://www.innsbruck.info/blog/en/events/air-and-style2016/ | https://www.tt.com/artikel/16237751/das-erbe-des-air-style-snowboarder-fliegen-wieder-auf-bergisel-ab | https://collectivemag.de/air-style-vom-bergisel-stadion-in-die-ganze-welt-pid16548/,verified,world-tours
air-nation-freestyle-tour,Air Nation Freestyle Tour,Sport Chek Air Nation Freestyle Tour,tour-series,Canada Snowboard,,,active,,Canada,north-america,slopestyle | halfpipe | big-air | rail-jam,"Canada Snowboard's national freestyle tour. Recurring stops have included Sun Peaks, Mont Tremblant, Stoneham, Mt St Louis Moonstone, Horseshoe Valley and WinSport Canada Olympic Park in Calgary; the final stop normally carries the national championship.",https://www.canadasnowboard.ca/en/events/freestyletour/ | https://www.canadasnowboard.ca/en/news/?id=1213 | https://www.canadasnowboard.ca/en/news/?id=1259,verified,canada
argentina-snowboard-tour,Argentina Snowboard Tour,AST,tour-series,Asociacion Argentina de Snowboard (AAS),,,unconfirmed,,Argentina,south-america,big-air | slopestyle,"Described by the WSF as the largest circuit of snowboard events in South America, run by Argentina's national snowboard association with World Snowboard Tour ranking points. Stops mix urban big airs in Buenos Aires with Patagonian and Andean resorts (Cerro Chapelco, Cerro Bayo, Cerro Catedral, La Hoya); most are open entry, with one invitational.",https://www.worldsnowboardfederation.org/the-argentina-snowboard-tour-ast/ | https://www.worldsnowboardfederation.org/third-tour-stop-argentina-snowboard-tour-2014/,likely,intl-other
atlas-open-val-saint-come,Atlas Open,Coupe Val Saint-Come | Royal Rumble,legacy-contest,independent,1993,,unconfirmed,Val Saint-Come,Canada,north-america,other,"Long-running Quebec contest at Val Saint-Come, first held in 1993 and previously known as the Coupe Val St-Come and the Royal Rumble, per SnowboardQuebec's history of the sport in the province. Disciplines and end date not sourced.",https://www.snowboardquebec.com/histoire/,likely,canada
audi-nines,Audi Nines,Nine Knights | Nine Queens | Knights & Queens | Suzuki Nine Royals | The Nines,major-contest,independent,2008,,unconfirmed,,multiple,europe,big-air | hip | slopestyle | other,"Invitational session founded by Nico Zacek at the Nebelhorn, Oberstdorf in 2008 as a nine-rider freeski gathering. Nine Queens (women) was added at Serfaus-Fiss-Ladis in 2011; Nine Knights moved to Livigno in 2012; snowboarders joined the roster in 2014 when Knights and Queens were first combined. Rebranded Nine Royals in 2017 (Watles) and Audi Nines from 2018 (Soelden/Obergurgl). Riders are judged on custom jump, hip and transition features rather than a fixed course format.",https://www.downdays.eu/articles/audi-nines-retrospective/,likely,intl-other
audi-snowboard-series,Audi Snowboard Series,,tour-series,Swiss-Ski,,,unconfirmed,,Switzerland,europe,slopestyle | halfpipe | boardercross | other,"The Swiss federation's national snowboard tour, more than 30 events a season across freestyle, boardercross and race, positioned as a junior pathway to the international elite. The Swiss Championships in all three disciplines close the series.",https://www.worldsnowboardfederation.org/audi-snowboard-series/,likely,intl-other
b4bc-snowboard-and-music-festival,B4BC Snowboard + Music Festival,,grassroots-contest,independent,1996,,dormant,,USA,north-america,,"Boarding for Breast Cancer's founding event. B4BC was created in 1996 by Lisa Hudson with Dawn Kish, Kathleen Gasparini and others in memory of Monica Steward, a 26-year-old snowboarder who died of breast cancer after a delayed diagnosis; the first B4BC Snowboard + Music Festival was held in April 1996 with pro riders Tina Basich and Shannon Dunn as spokeswomen. B4BC states the festivals have raised over $1,000,000 since 1996. The competition format of the festivals is not stated in the sources found, and the snowboard festival no longer appears on B4BC's current events calendar, which is now skate- and clinic-led (Love Your Peaks winter series, Summer Skate Series).",https://b4bc.org/about/ | https://b4bc.org/events/,likely,us-grassroots
baldy-banked-slalom,Baldy Banked Slalom,,grassroots-contest,independent,,,active,Sun Valley Resort,USA,north-america,banked-slalom,"Banked slalom on Bald Mountain at Sun Valley, Idaho. Local Freshies describes the March 7, 2026 edition as 'now in its 14th year'.",https://localfreshies.com/banked-slalom-event-showcase/,likely,us-grassroots
bc-snowboard-provincial-series,BC Snowboard Provincial Series,Ride On Provincial Series,grassroots-contest,BC Snowboard,,,active,,Canada,north-america,slopestyle | boardercross,"British Columbia's provincial competition series, run by BC Snowboard (based in Kelowna) in slopestyle and snowboardcross, with an overall series title. Host resorts in recent seasons have been Big White, Silver Star, Sun Peaks and Whistler Blackcomb. BC Snowboard also sanctions the Neil Edgeworth Memorial Banked Slalom and hosts NorAm, national championship and para World Cup events.",https://www.bcsnowboard.com/events/ | https://www.bcsnowboard.com/about/ | https://www.bcsnowboard.com/2025-event-results/ | https://www.bcsnowboard.com/events/provincial-events/,verified,canada
big-white-para-snowboard-world-cup,Big White Para Snowboard World Cup,World Para Snowboard World Cup Big White,tour-stop,FIS,,,active,Big White Ski Resort,Canada,north-america,boardercross | banked-slalom | team,"Big White's annual para-snowboard international, on the TELUS Park course near Kelowna. Big White has supported para snowboarding since 2012 and by the 2018-19 season was hosting for a seventh consecutive year; it also staged the 2017 World Para Snowboard Championships and the 2025 FIS Para Snowboard World Championships, the latter including the first team event in para snowboard history. Governance moved from the IPC to FIS during the period.",https://www.canadasnowboard.ca/en/news/?id=1147 | https://www.canadasnowboard.ca/en/news/?id=1258 | https://www.canadasnowboard.ca/en/news/?id=1259 | https://www.bigwhite.com/explore-big-white/blog/mountain-news/fis-pswc-25 | https://www.canadasnowboard.ca/en/news/?id=1213,verified,canada
blue-mountain-fis-snowboard-world-cup,Blue Mountain FIS Snowboard World Cup,,tour-stop,FIS,,,unconfirmed,Blue Mountain Resort,Canada,north-america,boardercross | team | parallel-giant-slalom,Ontario's World Cup venue at Collingwood. Hosted a team snowboardcross World Cup qualification event in February 2013 and a parallel giant slalom World Cup in 2020; also the host of the Canadian alpine national championships in 2018 and 2019.,https://www.fis-ski.com/DB/general/calendar-results.html?sectorcode=SB&seasoncode=2013&categorycode=WC&nationcode=CAN | https://olympic.ca/2019/10/24/winter-competitions-coming-to-canada-in-2019-20/ | https://www.canadasnowboard.ca/en/news/?id=1213 | https://www.canadasnowboard.ca/en/news/?id=1259,likely,canada
bomb-hole-cup,The Bomb Hole Cup,,grassroots-contest,independent,2022,,active,Brighton Resort,USA,north-america,banked-slalom | jib,"Two-day event at Brighton Resort, Utah, run with The Bomb Hole podcast: day one is a banked slalom on custom-built berms, day two an open-jam park showdown. Described as the fifth annual event in 2026; the 2027 edition is announced for April 3-4.",https://www.brightonresort.com/events/the-bomb-hole-cup | https://www.snowboard.international/features/north-america-snowboard-events-2025-26/ | https://thebombhole.com/blogs/bombhole-community/banked-slalom-bomb-hole-cup-2025-at-brighton-utah,likely,us-grassroots
bomber-banked-slalom,Bomber Banked Slalom,,grassroots-contest,independent,,,active,Mission Ridge Ski and Board Resort,USA,north-america,banked-slalom,"Community banked slalom at Mission Ridge, Washington, on the Katsuk run at the summit off Chair 2, built by the resort's park department. Capped at 250 snowboarders across 14 age and gender divisions including Open Pro and Pro Masters. The March 28-29, 2026 edition was billed as the 13th annual.",https://www.missionridge.com/event/bomber-banked-slalom/,likely,us-grassroots
bucket-banked-slalom,Bucket Banked Slalom,,grassroots-contest,independent,,,active,Winter Park Resort,USA,north-america,banked-slalom,"Banked slalom at Winter Park, Colorado run by the Winter Park Competition Center in memory of local rider and Comp Center alum Ben Lynch, as a fundraiser for the Grand Foundation's H.O.P.E. Fund. Two runs, best time counts; amateur age divisions plus adaptive and pro categories. Organisers state over $119,305 raised to date.",https://www.winterparkresort.com/things-to-do/competition-center/comp-center-events/bucket-banked-slalom,likely,us-grassroots
burton-australian-open,Burton Australian Open,,tour-stop,brand-run,,,unconfirmed,Perisher Blue,Australia,oceania,,"The Australian stop of the Burton Global Open Series, held at Perisher Blue in the Southern Hemisphere winter. Only the 2008 edition could be confirmed from a source opened for this pass.",https://whitelines.com/archive/news/burton-global-open-series-08-09.html,likely,burton-opens
burton-canadian-open,Burton Canadian Open Snowboarding Championships,,tour-stop,brand-run,,,unconfirmed,Canada Olympic Park,Canada,north-america,halfpipe | slopestyle,"The Canadian stop of the Burton Global Open Series, held at Canada Olympic Park in Calgary, Alberta and rated 5Star on the Swatch TTR World Snowboard Tour.",https://whitelines.com/archive/news/burton-global-open-series-08-09.html | https://onboardmag.com/news/snowboarding-events/burton-canadian-open-slopestyle.html | https://www.worldsnowboardfederation.org/registration-open-for-ttr-world-snowboard-tour-events/,likely,burton-opens
burton-european-open,Burton European Open,,major-contest,brand-run,1999,2015,defunct,Laax,multiple,europe,halfpipe | slopestyle,"Burton's European flagship and for most of its life the highest-rated (6Star) event on the Swatch TTR World Snowboard Tour in Europe. It began in the Innsbruck area of Austria, moved through Fieberbrunn and Livigno, and settled at Laax, Switzerland from 2005. Burton did not run the event for winter 2016 while re-evaluating its European platform, and the Laax Open took its place and its venue.",https://www.burton.com/blogs/the-burton-blog/10-years-laax-open/ | https://coolerlifestyle.com/news/events/burton-european-open-looks-back-at-ten-years-of-epic-snowboarding.html | https://coolerlifestyle.com/news/events/the-burton-european-open.html | https://onboardmag.com/news/european-news/laax-set-to-host-laax-open-2016.html | https://whitelines.com/events/burton-european-open,verified,burton-opens
burton-global-open-series,Burton Global Open Series,,tour-series,brand-run,2006,2011,defunct,,multiple,global,halfpipe | slopestyle | quarterpipe | big-air | rail-jam,"The umbrella that linked Burton's national Open events into one ranked season, with an overall series title decided at the US Open. Member events across the seasons documented here were the Burton New Zealand Open, Burton Australian Open, Burton Canadian Open, Burton European Open, the Nissan X-Trail Nippon Open in Japan and the Burton US Open. Series champions received USD 100,000 each, described at the time as the largest single payout in competitive snowboarding.",https://whitelines.com/archive/news/burton-global-open-series-08-09.html | https://www.aspentimes.com/sports/from-vermont-to-vail-a-look-back-at-the-36-year-history-of-the-burton-u-s-open-returning-march-5-10/ | https://experiencequeenstown.com/events/feature-events/burton-nz-open/ | https://www.snowboarder.com/news/2010-burton-new-zealand-open-gears-up | https://whitelines.com/archive/news/mikkel-bang-jenny-jones-win-nissan-x-trail-nippon-open-parkstyle-finals.html,likely,burton-opens
burton-new-zealand-open,Burton New Zealand Open,,tour-stop,brand-run,2003,2011,unconfirmed,,New Zealand,oceania,halfpipe | slopestyle | quarterpipe,"The Southern Hemisphere opener of the Burton Global Open Series and, at its peak, the largest snowboard contest in New Zealand. Ran at Snow Park NZ near Wanaka and at Cardrona Alpine Resort, which held the country's only 22-foot superpipe.",https://info.scoop.co.nz/Burton_NZ_Open | https://www.snowboarder.com/news/2010-burton-new-zealand-open-gears-up | https://snowboardmag.com/stories/world-class-riders-arrive-wanaka-nz-2011-burton-new-zealand-open | https://experiencequeenstown.com/events/feature-events/burton-nz-open/,likely,burton-opens
burton-rail-days,Burton Rail Days,,major-contest,brand-run,,,unconfirmed,Roppongi Hills,Japan,japan,rail-jam | jib,"Burton's urban street-snowboarding contest staged in central Tokyo, built from imported snow in the Roppongi Hills arena and run alongside a free public beginner park. The 2015 edition was reported as the fifth.",https://www.timeout.com/tokyo/things-to-do/burton-rail-days,likely,burton-opens
canada-snowboard-junior-nationals,Canada Snowboard Junior National Championships,,national-championship,Canada Snowboard,,,active,,Canada,north-america,slopestyle | banked-slalom | halfpipe | parallel-giant-slalom | boardercross | big-air,"Canada Snowboard's week-long junior championship, run across Grom, Youth and JR FIS categories in six disciplines. The junior national title event feeding the Junior World Championships team.",https://www.canadasnowboard.ca/en/events/nationalsjr/ | https://www.canadasnowboard.ca/en/events/,verified,canada
canada-snowboard-national-championships,Canadian National Snowboard Championships,Sport Chek Air Nation Freestyle Nationals | Sports Experts Speed Nation Nationals | Speed Nation Alpine Nationals | Speed Nation Snowboardcross Nationals,national-championship,Canada Snowboard,,,active,,Canada,north-america,halfpipe | slopestyle | big-air | boardercross | parallel-giant-slalom | parallel-slalom | banked-slalom,"Canada's national snowboard titles, awarded by Canada Snowboard (the Canadian Snowboard Federation, founded 1991). Since at least the 2010s the championships have been split into separate freestyle, alpine, snowboardcross and para-snowboard events, each hosted at a different resort in the same season and each attached to the corresponding national tour (Air Nation for freestyle, Speed Nation for alpine/SBX/para). No single first year could be sourced.",https://www.canadasnowboard.ca/en/events/ | https://www.canadasnowboard.ca/en/news/?id=1146 | https://www.canadasnowboard.ca/en/news/?id=1213 | https://www.canadasnowboard.ca/en/news/?id=1259 | https://en.wikipedia.org/wiki/Canadian_Snowboard_Federation,verified,canada
canada-winter-games-snowboarding,Snowboarding at the Canada Winter Games,,national-championship,Canada Games Council,,,active,,Canada,north-america,parallel-giant-slalom | halfpipe | boardercross | slopestyle,"The snowboard programme of Canada's biennial multi-sport games for young athletes, contested by provincial and territorial teams. The Games rotate host provinces; snowboarding has been staged at Mt Sima (Whitehorse 2007), Ski Martock (Halifax 2011), Prince George (2015), Canyon Ski Resort and WinSport Canada Olympic Park (Red Deer 2019) and Mark Arendz Provincial Ski Park at Brookvale (PEI 2023). The first year snowboarding appeared on the programme was not sourced.",https://en.wikipedia.org/wiki/Snowboarding_at_the_2011_Canada_Winter_Games | https://en.wikipedia.org/wiki/2007_Canada_Winter_Games | https://en.wikipedia.org/wiki/2015_Canada_Winter_Games | https://en.wikipedia.org/wiki/2019_Canada_Winter_Games | https://en.wikipedia.org/wiki/2023_Canada_Winter_Games,verified,canada
circuito-bichos,Circuito Bichos,,grassroots-contest,"Anden (Chilean snowboard association, WSF member)",,,unconfirmed,,Chile,south-america,boardercross | slopestyle | downhill,"Chile's under-18 snowboard tour run by the national association Anden, in three age categories (Saltamontes, Grillos, Pulgas) across fun race/boardercross, downhill and slopestyle at the Santiago-area resorts. Anden also ran the professional Circuito RSS (Ranking Ski y Snowboard), a combined freestyle ranking for skiers and snowboarders.",https://www.worldsnowboardfederation.org/chile-snowboard-events-2009/,likely,intl-other
coors-light-saint-sauveur-mountain-challenge,Coors Light Saint-Sauveur Mountain Challenge,,grassroots-contest,brand-run,2010,,unconfirmed,Mont Saint-Sauveur,Canada,north-america,other,"Quebec event at Mont Saint-Sauveur which SnowboardQuebec's provincial history records as starting in 2010. Format, disciplines and end date not sourced.",https://www.snowboardquebec.com/histoire/,likely,canada
coupe-quebec-snowboard,Coupe Quebec (Quebec Snowboard Cup),,grassroots-contest,Association quebecoise de snowboard,,,active,,Canada,north-america,slopestyle | boardercross | rail-jam | parallel-giant-slalom | banked-slalom,"Quebec's provincial FIS-sanctioned circuit, listed on the SnowboardQuebec calendar as Coupe QC/FIS events. Host hills in the 2025-26 season include Val Saint-Come (rail jam, SBX), Belle-Neige (slopestyle, banked slalom, alpine) and Le Relais. Quebec's provincial federation was founded in 1987 as the Federation de Surf des Neiges du Quebec.",https://www.snowboardquebec.com/calendrier/ | https://www.snowboardquebec.com/histoire/,likely,canada
dirksen-derby,Dirksen Derby,,grassroots-contest,independent,2007,,active,Mt. Bachelor,USA,north-america,banked-slalom,"Hand-built parallel banked slalom race founded by pro snowboarder Josh Dirksen at Mt. Bachelor, Oregon, first run on December 1, 2007 as a fundraiser for Tyler Eklund, a local snowboarder paralysed in a contest earlier that year. It runs a Red (harder) and Green (friendlier) course with combined times, and includes snowboard, sit-ski and splitboard divisions. Beneficiaries have included Oregon Adaptive Sports, Protect Our Winters and the Central Oregon Avalanche Association; the organisers state more than $300,000 has been donated to non-profits and community members.",https://www.dirksenderby.com/Race/DirksenDerby/Page-10 | https://bendmagazine.com/event/dirksen-derby-18-snowboard-rally-race/2025-12-21/ | https://www.bendsource.com/outside/dirksen-derby-rally-race-returns-to-mt-bachelor-for-year-17-22369702/,verified,us-grassroots
european-world-snowboarding-championships,European World Snowboarding Championships,,legacy-contest,independent,1987,,unconfirmed,,multiple,europe,,"The rival European world championships of January 1987, run at Livigno, Italy and St Moritz, Switzerland in the same season as the second Breckenridge Worlds. The split between the two claimed world titles is what pushed NASBA and the Snowboard European Association to negotiate a single World Cup circuit.",https://www.snowboarder.com/news/snowboard-history-timeline-part-21980s | https://www.carvers.it/storia-inglese/ | https://snowboarding8090.com/history/,likely,legacy-80s-90s
fis-snowboard-junior-world-championships,FIS Snowboard Junior World Championships,FIS Freestyle Ski and Snowboarding Junior World Championships,major-contest,FIS,1997,,active,,multiple,global,halfpipe | giant-slalom | parallel-slalom | parallel-giant-slalom | boardercross | big-air | slopestyle | team,"Annual FIS age-group world championship, first held at Corno alle Scale (ITA) in February 1997. Single-venue through 2015; from 2016 onward routinely split across two to four venues in one season, and combined with freestyle skiing as the FIS Freestyle Ski and Snowboarding Junior World Championships. RESULTS ARCHIVE for a later pass: https://www.fis-ski.com/DB/general/calendar-results.html?sectorcode=SB&seasoncode=YYYY&categorycode=WJC (note: the FIS category code is WJC, not JWC), each row linking to per-race pages at https://www.fis-ski.com/DB/general/results.html?sectorcode=SB&raceid=NNNNN.",https://www.fis-ski.com/DB/general/calendar-results.html?sectorcode=SB&seasoncode=1997&categorycode=WJC | https://www.fis-ski.com/DB/general/calendar-results.html?sectorcode=SB&seasoncode=2026&categorycode=WJC | https://en.wikipedia.org/wiki/FIS_Snowboarding_Junior_World_Championships,verified,olympics-fis
fis-snowboard-world-championships,FIS Snowboard World Championships,FIS Snowboarding World Championships,major-contest,FIS,1996,,active,,multiple,global,halfpipe | giant-slalom | slalom | parallel-slalom | parallel-giant-slalom | boardercross | big-air | slopestyle | team,"FIS's own world championship, first held at Lienz (AUT) in January 1996, two years after FIS took snowboarding under its jurisdiction and while the rival ISF was still running its own world championships. Held in odd-numbered years from 1999 onward (1996 and 1997 were run in consecutive years); skipped in Olympic years. Combined with the FIS Freestyle World Ski Championships from 2015. RESULTS ARCHIVE for a later pass: https://www.fis-ski.com/DB/general/calendar-results.html?sectorcode=SB&seasoncode=YYYY&categorycode=WSC (seasoncode = calendar year the championships were held); each event row links to per-race pages at https://www.fis-ski.com/DB/general/results.html?sectorcode=SB&raceid=NNNNN (verified example raceid=22567, 2025 mixed parallel team).",https://www.fis-ski.com/DB/general/calendar-results.html?sectorcode=SB&seasoncode=1996&categorycode=WSC | https://www.fis-ski.com/DB/general/calendar-results.html?sectorcode=SB&seasoncode=2025&categorycode=WSC | https://en.wikipedia.org/wiki/FIS_Snowboard_World_Championships,verified,olympics-fis
fis-snowboard-world-cup,FIS Snowboard World Cup,,tour-series,FIS,1994,,active,,multiple,global,halfpipe | giant-slalom | slalom | parallel-slalom | parallel-giant-slalom | boardercross | big-air | slopestyle | team,"FIS's season-long snowboard tour. The FIS results database holds no World Cup events before the 1994/95 season; the first World Cup stop on record is Zell am See/Kaprun (AUT), 24-26 November 1994. Edition rows here are SEASONS, keyed to the season end year, not individual stops. RESULTS ARCHIVE for a later pass: season calendars at https://www.fis-ski.com/DB/general/calendar-results.html?sectorcode=SB&seasoncode=YYYY&categorycode=WC ; per-race results at https://www.fis-ski.com/DB/general/results.html?sectorcode=SB&raceid=NNNNN ; season Crystal Globe / cup standings at https://www.fis-ski.com/DB/general/cup-standings.html?sectorcode=SB&seasoncode=YYYY&cupcode=WC&disciplinecode=ALL&gendercode=M (or gendercode=L) - all three patterns verified.",https://www.fis-ski.com/DB/general/calendar-results.html?sectorcode=SB&seasoncode=1994&categorycode=WC | https://www.fis-ski.com/DB/general/calendar-results.html?sectorcode=SB&seasoncode=1995&categorycode=WC | https://www.fis-ski.com/DB/general/cup-standings.html?sectorcode=SB&seasoncode=2026&cupcode=WC&disciplinecode=ALL&gendercode=M,verified,olympics-fis
focus-banked-slalom,Focus Banked Slalom,,grassroots-contest,independent,,,active,Tyrol Basin,USA,north-america,banked-slalom,"Midwest banked slalom at Tyrol Basin, Wisconsin. Local Freshies describes the March 1, 2026 edition as 'now in its 19th year'.",https://localfreshies.com/banked-slalom-event-showcase/,likely,us-grassroots
freestyle-ch,freestyle.ch,Nescafe Zueri Inline,major-contest,independent,1995,,unconfirmed,"Landiwiese, Zurich",Switzerland,europe,big-air,"Urban big air staged on the Landiwiese on Lake Zurich each September, part of a four-discipline freestyle festival (snowboard, freeski, FMX, skate) drawing around 100,000 spectators. Began in 1995 as Nescafe Zueri Inline; admission became paid in 2005.",https://de.wikipedia.org/wiki/Freestyle.ch,likely,intl-other
gravity-games-winter,Winter Gravity Games,,major-contest,independent,2000,2000,defunct,Mammoth Mountain,USA,north-america,superpipe | big-air | boardercross,"Winter edition of the NBC/Octagon-backed Gravity Games, staged once at Mammoth Mountain, California in 2000 as a broadcast rival to Winter X Games. Not repeated.",https://en.wikipedia.org/wiki/Gravity_Games,likely,xgames-dewtour
halo-halo-timberline,Halo-Halo,,grassroots-contest,independent,2023,,active,Timberline Lodge and Ski Area,USA,north-america,,"BIPOC-focused summer snowboard gathering on the Palmer snowfield at Timberline, Mt. Hood, Oregon, started in 2023. The 2026 edition is listed for July 10-12. Whether it is judged as a contest or run as a session was not confirmed in this pass.",https://www.snowboard.international/features/north-america-snowboard-events-2025-26/,likely,us-grassroots
holy-oly-revival,Holy Oly Revival,,grassroots-contest,independent,2004,,dormant,The Summit at Snoqualmie,USA,north-america,quarterpipe | jib | rail-jam,"A Snowboy Productions grassroots contest at The Summit at Snoqualmie, Washington, built around a quarterpipe and a jib playground ('Tube City') beneath the Olympia beer can water tower at Summit East. It is a quarterpipe and jib jam, not a banked slalom. Winners received cases of Olympia beer. The Snowboarder's Journal describes the quarterpipe events as running about eight years.",https://www.snowboarder.com/news/7th-annual-holy-oly-the-olympic-hangover-cure | https://www.lib-tech.com/blog/2007/02/14/holy-crap-it%E2%80%99s-the-fourth-annual-holy-oly-revival/ | https://thesnowboardersjournal.com/blogs/exclusives/twenty-years-snowboy-productions | https://www.gnu.com/blog/2010/02/24/holy-oly-you-can%E2%80%99t-spell-olympics-without-oly/ | http://thesummitcrew.blogspot.com/p/history-of-summit.html,likely,us-grassroots
hot-dawgz-and-hand-rails,Hot Dawgz & Hand Rails,,grassroots-contest,brand-run,2004,,dormant,Bear Mountain,USA,north-america,rail-jam | jib,"Southern California's pre-season rail jam, run at Bear Mountain (later Snow Summit) in Big Bear Lake, California, on trucked-in man-made snow in September - traditionally the first major rail contest of the North American season. Jam format on urban-style features. First held in 2004; the 2012 edition was the ninth annual and used 130 tons of snow for about 40 pro riders.",https://www.firsttracksonline.com/2012/09/07/hot-dawgz-and-hand-rails-pre-season-rail-jam-returns-to-bear-mountain/ | https://localfreshies.com/event/hot-dawgz-and-hand-rails-2019-big-bear/,likely,us-grassroots
isf-snowboard-world-championships,ISF World Championships,,major-contest,ISF (International Snowboard Federation),1993,,defunct,,multiple,global,halfpipe | giant-slalom | slalom | boardercross,"The snowboarders' own world championship, run by the International Snowboard Federation (founded 1989 as the ISA, renamed ISF 1991) and held for the first time at Ischgl, Austria in 1993. From 1996 the ISF and FIS ran rival world championships in the same seasons; the split drove Terje Haakonsen's boycott of the 1998 Nagano Olympic qualification, since the IOC gave FIS rather than the ISF control of Olympic snowboarding. The ISF filed for bankruptcy in Innsbruck and ceased operating on 22 June 2002, ending the rival championship. NO CENTRAL RESULTS ARCHIVE FOUND - see open_questions.",https://www.snowboarder.com/news/snowboard-history-timeline-part-31990s | https://en.wikipedia.org/wiki/International_Snowboard_Federation | https://de.wikipedia.org/wiki/International_Snowboarding_Federation | https://en.wikipedia.org/wiki/Terje_H%C3%A5konsen,likely,olympics-fis
isf-world-championships,ISF Snowboard World Championships,,major-contest,ISF,1993,1999,defunct,,multiple,global,halfpipe | giant-slalom | slalom | parallel-slalom | boardercross | other,"The world championship of the International Snowboard Federation, the riders' governing body of the 1990s. German Wikipedia states four ISF world championships were held between 1993 and 1999. The ISF's own successor (WSF) dates the federation's founding to 1990, when five nations and 120 racers formed it; English Wikipedia instead dates it to 1989 in Vancouver as the International Snowboard Association, renamed ISF in 1991. The ISF ceased operations on 22 June 2002.",https://de.wikipedia.org/wiki/Snowboard-Weltmeisterschaft | https://en.wikipedia.org/wiki/International_Snowboard_Federation | https://www.worldsnowboardfederation.org/inside-wsf/history/ | https://www.snowboarder.com/news/snowboard-history-timeline-part-31990s | https://www.carvers.it/storia-inglese/,likely,legacy-80s-90s
isf-world-snowboarding-championships,ISF World Snowboarding Championships,Motorola ISF World Championships,major-contest,ISF (International Snowboard Federation),1993,,defunct,,multiple,global,halfpipe | boardercross | other,"The rider-run International Snowboard Federation's world championship, and the counterweight to the FIS world championships of the 1990s. The first was held at Ischgl, Austria in 1993. By 1999/2000 the title was contested across a season-long Motorola ISF World Pro Tour rather than a single meeting. The ISF was dissolved in 2002.",https://www.snowboarder.com/news/snowboard-history-timeline-part-31990s | https://www.sportcal.com/pressreleases/the-motorola-isf-world-championships-1999-2000-halfpipe-davos-sui/ | https://de.wikipedia.org/wiki/Snowboard-Weltmeisterschaften,likely,intl-other
jla-mammoth-banked-slalom,JLA Mammoth Banked Slalom,,grassroots-contest,independent,,,active,Mammoth Mountain,USA,north-america,banked-slalom,Banked slalom at Mammoth Mountain honouring the legacy of pro snowboarder Jeff Anderson (JLA). Local Freshies notes it celebrated its 10th anniversary in 2013 and lists the 2026 edition for February 27-March 1.,https://localfreshies.com/banked-slalom-event-showcase/,likely,us-grassroots
jsba-all-japan-snowboard-championships,JSBA All Japan Snowboard Championships,JSBA全日本スノーボード選手権大会,national-championship,JSBA (Japan Snowboarding Association),1983,,active,,Japan,japan,halfpipe | slopestyle | boardercross | big-air | giant-slalom | dual-slalom,"Japan's national amateur snowboard championship, run by the JSBA and reached through regional and G1 qualifying events. The 41st edition in 2023 is described on the JSBA site as annual since 1983; the JSBA's own history page states the first All Japan championship was staged in 1982 at Kyowa Ski Resort, Akita, with the previous year's North American champion invited. Programme covers halfpipe, slopestyle, snowboard cross, straight jump (big air), giant slalom and dual slalom; venues rotate and a single edition often splits across two resorts.",https://www.jsba.or.jp/information/history/ | https://www.jsba.or.jp/ajsc_site/ajsc41/ | https://www.jsba.or.jp/ajsc_site/ajsc43/,likely,intl-other
jsba-all-japan-snowboard-technical-championships,JSBA All Japan Snowboard Technical Championships,JSBA全日本スノーボードテクニカル選手権大会,national-championship,JSBA (Japan Snowboarding Association),,,active,,Japan,japan,other,"JSBA championship judging overall riding ability rather than tricks or times, in Alpine and Freestyle categories for men and women plus a club team competition. Regional qualifiers run three events, the national final five. The 33rd edition was held in the 2025/26 season.",https://www.jsba.or.jp/education/ajstc/ | https://www.jsba.or.jp/ajstc_site/ajstc33/,likely,intl-other
kaunertal-opening,Kaunertal Opening,KTO,legacy-contest,independent,1986,,active,"Snowpark Kaunertal, Kaunertaler Gletscher",Austria,europe,jib | rail-jam | other,"Glacier season-opening snowboard gathering in the Tirol, combining a rider contest with a brand testival, mini-ramp and jib sessions. Onboard and World Snowboard Guide both call the 2015 edition the 30th and Whitelines calls 2022 the 37th year, which places the first edition in 1986. The 2015 edition revived the mini-ramp after a 15-year absence and ran a Legends Invitational session.",https://onboardmag.com/news/snowboarding-events/30th-kaunertal-opening-event-recap.html | https://www.worldsnowboardguide.com/news/30th-kaunertal-opening-2015.html | https://whitelines.com/snowboard-culture/snowboard-events/kto-2022-kaunertal-opening-is-back.html,likely,intl-other
king-of-the-mountain-ski-cooper,King of the Mountain (Ski Cooper),,legacy-contest,independent,1981,,unconfirmed,Ski Cooper,USA,north-america,slalom | other,"Widely cited as the first modern snowboard contest, held in April 1981 at Ski Cooper, Leadville, Colorado, at a time when almost no resort would host snowboarders. Tom Sims and Jake Burton Carpenter both attended.",https://www.snowboarder.com/news/snowboard-history-timeline-part-21980s | https://en.wikipedia.org/wiki/Snowboarding,likely,legacy-80s-90s
laax-open,LAAX OPEN,,major-contest,FIS,2016,,active,LAAX,Switzerland,europe,halfpipe | slopestyle,"Direct successor to the Burton European Open at the same resort. Launched for winter 2016 after Burton stepped back from the BEO, keeping the open-entry format, the core organising team and the Laax superpipe. It joined the FIS Snowboard World Cup in its second year and now also runs a freeski slopestyle World Cup alongside the snowboard events.",https://onboardmag.com/news/european-news/laax-set-to-host-laax-open-2016.html | https://www.burton.com/blogs/the-burton-blog/10-years-laax-open/ | https://laaxopen.com/en/hall-of-fame/ | https://laaxopen.com/en/about-laax-open/,verified,burton-opens
mt-baker-last-stand-rail-jam,Last Stand Rail Jam,,grassroots-contest,independent,,,active,Mt. Baker Ski Area,USA,north-america,rail-jam,"End-of-season freestyle contest at Mt. Baker Ski Area, listed by the ski area as open to all skill levels. Scheduled for Saturday, April 3, 2027 in the 2026-27 season.",https://www.mtbaker.us/events/,likely,us-grassroots
mt-baker-legendary-banked-slalom,Mt. Baker Legendary Banked Slalom,Sims Open | Mt. Baker Banked Slalom,legacy-contest,independent,1985,,active,Mt. Baker Ski Area,USA,north-america,banked-slalom,"The oldest continuously run snowboard contest in the United States, first held in 1985 on the natural gully at Mt. Baker known as the Natural Halfpipe. Organised by Bob Barci, Tom Sims, Jeff Fulton and the Mt. Baker Hard Core riders after they approached ski area manager Duncan Howat in 1984. Winners receive a duct-tape trophy and an embroidered Carhartt jacket rather than prize money; the event turned down big-money sponsorship and television in the early 1990s and returned to a grassroots format. Entry is capped (400 racers in 2025) and it is widely described as the predecessor of boardercross.","https://en.wikipedia.org/wiki/Mt._Baker_Legendary_Banked_Slalom | https://www.mountbakerexperience.com/stories/30-years-of-the-legendary-banked-slalom,339 | https://unofficialnetworks.com/2024/01/30/legendary-banked-slalom-history/ | https://lbs.mtbaker.us/results/honor-roll/ | http://www.cascadiadaily.com/2025/feb/04/mt-baker-ski-area-prepares-for-world-famous-snowboard-race/ | https://snowboarding8090.com/mt-baker-lbs/ | https://www.snowboarder.com/news/snowboard-history-timeline-part-21980s | https://localfreshies.com/mt-baker-banked-slalom/",verified,us-grassroots + legacy-80s-90s
mt-baker-ravens-edge-dual-slalom,Raven's Edge Dual Slalom,,grassroots-contest,independent,,,active,Mt. Baker Ski Area,USA,north-america,dual-slalom,"Two-day ski and snowboard dual slalom at Mt. Baker Ski Area, open to all ages and abilities. Scheduled for April 10-11, 2027 in the 2026-27 season.",https://www.mtbaker.us/events/,likely,us-grassroots
mt-baker-timbrrr-best-trick,TIMBRRR! Best Trick Contest,,grassroots-contest,independent,,,active,Mt. Baker Ski Area,USA,north-america,jib,"Early-season best-trick contest run in Mt. Baker's wooden-feature zone, The Sticks. Scheduled for Saturday, December 12, 2026 in the 2026-27 season.",https://www.mtbaker.us/events/,likely,us-grassroots
mt-spokane-banked-slalom,Mt. Spokane Banked Slalom,,grassroots-contest,independent,,,active,Mt. Spokane Ski & Snowboard Park,USA,north-america,banked-slalom,"Banked slalom on a hand-built course at Mt. Spokane, Washington, run by the non-profit ski area. Two timed runs, best run counts; open to both snowboarders and skiers with Pro/Open and amateur age divisions. The 2025 edition was held March 8.",https://www.mtspokane.com/bankedslalom,likely,us-grassroots
nate-chute-banked-slalom,Nate Chute Banked Slalom,,grassroots-contest,independent,,,active,Whitefish Mountain Resort,USA,north-america,banked-slalom,"Banked slalom at Whitefish Mountain Resort, Montana, associated with the Nate Chute Foundation. Local Freshies calls it the 'second longest running Banked Slalom in the US'; the same page also calls the Neil Edgeworth Memorial at Big White the 'second oldest', so the claim needs checking. The 2026 edition is listed for March 14-15.",https://localfreshies.com/banked-slalom-event-showcase/,likely,us-grassroots
national-collegiate-snowboarding-championships,National Collegiate Snowboarding Championships,,national-championship,,1989,,unconfirmed,,USA,north-america,,"First collegiate snowboard championship in the United States, held at Stratton Mountain, Vermont in December 1989.",https://www.snowboarder.com/news/snowboard-history-timeline-part-21980s,likely,legacy-80s-90s
national-snurfing-championships,National Snurfing Championships,World Snurfing Championship | National Snurf Championship | National Snurfer Championship | National Snow Surfing Championship,legacy-contest,,1968,1984,defunct,,USA,north-america,downhill | slalom | other,"The Snurfer contests at Muskegon, Michigan are the direct ancestor of snowboard competition. The Michigan Snowboard Museum timeline dates the first World Snurfing Championship to 19 February 1968 at Blockhouse Hill in Muskegon State Park. The series ran at Blockhouse Hill through 1979 and then at Pando, and it is the event Jake Burton Carpenter entered in 1979 with a bindinged board, which prompted a separate open division.",https://www.michigansnowboardmuseum.com/michigan-snowboarding-history-timeline.html | https://en.wikipedia.org/wiki/Snowboarding,likely,legacy-80s-90s
neil-edgeworth-memorial-banked-slalom,Neil Edgeworth Memorial Banked Slalom,Inland Snowboard Big White Banked Slalom,grassroots-contest,independent,1987,,active,Big White Ski Resort,Canada,north-america,banked-slalom,"Big White's banked slalom, first run in the 1987/88 season as the Inland Snowboard Big White Banked Slalom and renamed after local rider Neil Edgeworth, who was killed by an avalanche in France in 1997. Run in a natural gully beside the Ridge Rocket chair and later at TELUS Park, with pro, amateur (age groups from 11-and-under to 60+) and para divisions on the same course. Now organised with BC Snowboard; the organisers describe it as a gathering rather than a competition. 320 entrants in 2017, 255 in 2025.",https://www.bigwhite.com/explore-big-white/blog/mountain-news/nebs-26yrs-tradition | https://www.bigwhite.com/explore-big-white/blog/telus-park/big-white-hosts-20th-annual-neil-edgeworth-banked-slalom | https://www.bigwhite.com/explore-big-white/blog/telus-park/25-years-nebs | https://www.bcsnowboard.com/wp-content/uploads/2026-27th-Annual-NEBS-Event-Information.March-20-22-2026.pdf,verified,canada
nescafe-champs-leysin,NESCAFE Champs,Nescafe Open Champs | Champs Open Leysin | Nokia Champs | The Champs | Nescafé Champs,legacy-contest,independent,1991,,unconfirmed,Leysin,Switzerland,europe,halfpipe | slopestyle,"Described by the World Snowboard Federation and World Snowboard Guide as the oldest snowboard event in Europe. First held in 1991 at Leysin; Nescafe was title sponsor 1994-2006 and returned in 2010. The contest spent three seasons in Valais before returning to Leysin in 2010 and reached its 20th edition in 2011. Later editions ran a hybrid slopestyle course combining a halfpipe with kickers, rails and a wallride.",https://www.worldsnowboardfederation.org/nescafe-open-champs-in-leysin-2010-the-oldest-european-snowboard-event/ | https://www.worldsnowboardguide.com/news/cilka-sadar---lucien-koch-win-2011-champ-in-leysin.html | https://snowboarding.transworld.net/news/get-ready-for-the-nescafe-champs-in-leysin-switzerland-march-6-10/,verified,intl-other + merged champs-leysin
nippon-open,Nissan X-Trail Nippon Open,,tour-stop,brand-run,,,unconfirmed,ALTS Bandai,Japan,japan,halfpipe | slopestyle,"The Japanese stop of the Burton Global Open Series, held at ALTS Bandai in Fukushima Prefecture and reported at the time as one of Japan's most popular snowboard events, drawing over 40,000 spectators. Winners took 8,000 points toward the Burton Global Open Series championship.",https://whitelines.com/archive/news/japan-beckons-riders-for-5-star-nissan-x-trail-nippon-open.html | https://whitelines.com/archive/news/mikkel-bang-jenny-jones-win-nissan-x-trail-nippon-open-parkstyle-finals.html | https://whitelines.com/archive/news/burton-global-open-series-08-09.html,likely,burton-opens
niseko-moiwa-banked-slalom,Niseko Moiwa Banked Slalom,,grassroots-contest,independent,,,active,Niseko Moiwa Ski Resort,Japan,japan,banked-slalom,"Late-March banked slalom at Niseko Moiwa in Hokkaido, run across five divisions including snowskate and ski classes and a snowboard masters category for riders 43 and over.",https://niseko-moiwa.jp/ja/news/2025/03/10/532/,verified,intl-other
north-alps-banked-slalom,North Alps Banked Slalom,,tour-series,independent,,,active,,Japan,japan,banked-slalom,"Described as Japan's only banked slalom series: three races in the Hakuba valley, Nagano, at Hakuba Iwatake, Tsugaike Mountain Resort and Hakuba Happo-one. The Tsugaike round (BANKED SLALOM TGK) is the second race and by 2026 had grown to two days with 260 riders a day and ski, snowboard, snowbike and parent-child divisions.",https://steep.jp/en/custom/tsugaike-banked-slalom/,likely,intl-other
north-american-snowboarding-championships,North American Snowboarding Championships,,legacy-contest,,,,unconfirmed,,Canada,north-america,,An early continental championship run in western Canada in the mid-to-late 1980s. TransWorld SNOWboarding's first issue (fall 1987) covered a North American Championships at Banff; a snowboarding history project places a 1985 North American Championships at Calgary. Whether these are the same series is not established.,https://www.snowboarder.com/transworld-snowboarding-archive/three-decades-transworld-snowboarding-part-1-1987-1996 | https://snowboarding8090.com/history/,likely,legacy-80s-90s
norwegian-snowboard-championships,Norwegian Snowboard Championships,NM i snowboard,national-championship,,,,unconfirmed,,Norway,europe,halfpipe | slopestyle | big-air | boardercross,"Norway's national snowboard titles, contested across several venues in a season and, in the TTR era, carrying 3-Star ranking status. The winner of the combined title receives the King's Cup (Kongepokal). The 2010/11 Norwegian season carried 15 TTR/WSF 1-3 Star events in big air, slopestyle and halfpipe.",https://www.worldsnowboardfederation.org/the-3star-ttr-norwegian-championships/,likely,intl-other
nz-snowboard-nationals,New Zealand Snowboard Nationals,,national-championship,Snow Sports NZ,,,unconfirmed,,New Zealand,oceania,halfpipe | slopestyle | big-air | boardercross | other,"New Zealand's national snowboard titles, run by Snow Sports NZ as the culmination of a season-long National Park and Pipe series of sanctioned events. Cardrona Alpine Resort hosts the Cardrona NZ Freeski and Snowboard Junior Nationals annually and is naming sponsor of the national Park and Pipe team.",https://www.sporty.co.nz/snowsportsnz/sports/snowboarding,likely,intl-other
oakley-girl-sessions-ruka,Oakley Girl Sessions,Oakley Girlsessions,tour-stop,independent,2004,,unconfirmed,"Ruka BatteryPark, Ruka",Finland,europe,slopestyle | halfpipe | team,"Women-only snowboard event at Ruka in Finnish Lapland, run as a Swatch TTR 3-Star alongside open-ability sessions, a team contest and a freeski slopestyle. The 2010 edition was the seventh, placing the first around 2004. Enni Rukajarvi won the 2009 edition before her international breakthrough.",https://www.worldsnowboardfederation.org/7th-edition-of-oakley-girlsessions-at-ruka-finland-8-11-4-2010/,likely,intl-other
olympic-snowboarding,Snowboarding at the Olympic Winter Games,,major-contest,IOC (sport governed at the Games by FIS),1998,,active,,multiple,global,halfpipe | giant-slalom | parallel-giant-slalom | parallel-slalom | boardercross | slopestyle | big-air | team,"Snowboarding was admitted to the Olympic programme for the 1998 Nagano Winter Games with men's and women's giant slalom and halfpipe. The programme has grown to 11 medal events by 2022 and 2026. RESULTS ARCHIVE for a later pass: Olympedia gives a complete per-Games event index at https://www.olympedia.org/editions/{edition_id}/sports/SBD (verified edition ids: 46=1998, 47=2002, 49=2006, 57=2010, 58=2014, 60=2018, 62=2022, 72=2026, 70=2020 Winter YOG, 73=2024 Winter YOG); each event on that index links to a full finishing-order page.",https://www.olympedia.org/sports/SBD | https://www.olympedia.org/editions/46/sports/SBD | https://www.olympedia.org/editions/72/sports/SBD,verified,olympics-fis
oneill-evolution,O'Neill Evolution,,major-contest,TTR,2006,2013,defunct,Davos,Switzerland,europe,halfpipe | slopestyle | big-air,"Brand-run TTR contest at Davos, launched in 2006 and held every year for eight years to 2013 before O'Neill withdrew from major events. It carried 6Star status and was one of the first top-tier events to run women's and men's fields in both halfpipe and slopestyle (2011). It ran a week-long format in early January, closing with a big air or halfpipe final at the Bolgen slope below the Jakobshorn.",https://www.worldsnowboardguide.com/news/no-o-neill-evolution-in-davos-this-season.html | https://www.boardshop.de/boardmag/snowboard/news/oneill-evolution-2011-in-davos-vom-2-bis-8-januar_aid_16198.html | https://www.boardshop.de/boardmag/snowboard/news/ttr-6star-contest-oneill-evolution-in-davos-live-webcast-04-09-01-2010_aid_16337.html | https://www.worldsnowboardguide.com/events/o-neill-evolution-2013.html | https://whitelines.com/events/oneill-evolution,verified,world-tours
ontario-snowboard-provincial-series,Ontario Snowboard Provincial Series,,grassroots-contest,Ontario Snowboard,,,active,,Canada,north-america,halfpipe | slopestyle | big-air | giant-slalom | parallel-giant-slalom,"Ontario's provincial series across freestyle and alpine disciplines, run by Ontario Snowboard (the Association of Ontario Snowboarders, based in Collingwood). Host clubs and resorts include Alpine Ski Club, Horseshoe Valley Resort, Beaver Valley and Craigleith Ski Club. Ontario Snowboard also delivers the snowboard programme for the 2027 Canada Winter Games.",https://www.ontariosnowboard.ca/,verified,canada
op-pro-snowboarding,OP Pro of Snowboarding,,legacy-contest,brand-run,,,defunct,,USA,north-america,halfpipe | giant-slalom,"Ocean Pacific's snowboard contest, one of the surf-brand events that carried prize money into snowboarding in the late 1980s. The Snowboarder/TransWorld 1980s timeline records an OP Pro of Snowboarding at June Mountain, California in 1989.",https://www.snowboarder.com/news/snowboard-history-timeline-part-21980s,likely,legacy-80s-90s
op-wintersurf,OP Wintersurf,,legacy-contest,brand-run,1991,,defunct,,USA,north-america,other,"Ocean Pacific's combined surf-and-snowboard contest, run as a surf event at Huntington Beach and a snowboard obstacle course at Bear Mountain in the same competition.",https://www.snowboarder.com/news/snowboard-history-timeline-part-31990s,likely,legacy-80s-90s
pacwest-banked-slalom,PacWest Banked Slalom,,grassroots-contest,independent,2022,,active,"Summit East, The Summit at Snoqualmie",USA,north-america,banked-slalom,"Banked slalom created in 2022 by Marcel Dolak at Summit East, the former PacWest ski area at Snoqualmie Pass, Washington - a venue that hosted Northwest snowboard contests and jams through the 1980s to 2000s (the Good and Plenty Jam, Urban Circus Jumpfest) and where Craig Kelly and Jamie Lynn rode. The 2026 edition offered 21 divisions from ages 6 to 60+.",https://www.summitatsnoqualmie.com/events/pacwest-banked-slalom | https://thesnowboardersjournal.com/blogs/exclusives/pacwest-banked-slalom-2022 | https://thesnowboardersjournal.com/blogs/exclusives/pacwest-banked-slalom-2024,verified,us-grassroots
pleasure-jam,Pleasure Jam,Horsefeathers Pleasure Jam | O'Neill Pleasure Jam,major-contest,independent,2003,,unconfirmed,"Superpark Dachstein, Dachstein Glacier",Austria,europe,slopestyle,"European season-opening slopestyle contest on the Dachstein glacier, run by QParks (which has managed the Superpark since 2004) as the first stop of the QParks Snowboard Tour and, in TTR years, a Swatch TTR 4-Star. The 2015 edition was billed as Vol. 13, which places the first edition in 2003.",https://www.worldsnowboardfederation.org/pleasure-jam-vol-13-postponed/ | https://www.worldsnowboardfederation.org/horsefeather-pleasure-jam-09-in-dachstain/ | https://www.worldsnowboardfederation.org/qparks-snowboard-tour-set-for-201617/,likely,intl-other
qparks-snowboard-tour,QParks Snowboard Tour,,tour-series,independent (QParks),2009,,unconfirmed,,multiple,europe,slopestyle | rail-jam | jib,"Amateur freestyle snowboard tour across QParks-built parks in Austria, Germany, Italy and Switzerland, with professional judging and a shared prize pot (EUR 40,000 in 2016/17). The 2016/17 season was described as its seventh, placing the first season around 2009/10. It opens each year with the Pleasure Jam on the Dachstein.",https://www.worldsnowboardfederation.org/qparks-snowboard-tour-set-for-201617/,likely,intl-other
rattlesnake-banked-slalom,Rattlesnake Banked Slalom,,grassroots-contest,independent,2023,,active,Buck Hill,USA,north-america,banked-slalom,"Snowboard-only banked slalom at Buck Hill, Minnesota - the Twin Cities hill where Lindsey Vonn learned to race. Fastest of two runs, six divisions (Junior 15 and under, Open 16-39, Master 40+, each split by gender), each capped at 25 riders. The March 2, 2025 edition was the third annual.",https://buckhill.com/events/rattlesnake-banked-slalom-2025/,likely,us-grassroots
rey-del-park,Rey del Park,Lippi Rey del Park | King of the Park,major-contest,independent,,,unconfirmed,El Colorado,Chile,south-america,slopestyle,"Described by the World Snowboard Federation as the biggest freestyle event in Chile, held in the terrain park at El Colorado above Santiago and open to skiers as well as snowboarders. The 2012 running was the eighth edition, which places the first around 2005, and was the first year it counted towards the WSF South America Tour.",https://www.worldsnowboardfederation.org/viii-rey-del-park-el-colorado-chile/ | https://www.worldsnowboardfederation.org/lippi-king-of-the-park-in-el-colorado-chile/,likely,intl-other
roxy-chicken-jam,Roxy Chicken Jam,Chicken Jam,major-contest,TTR,,,defunct,,multiple,global,halfpipe | slopestyle | big-air,"All-female contest run by Roxy, described as the only women's-only events to hold Swatch TTR 6Star accreditation. It ran a European stop in December and a US stop in late March; the US final was the season-defining event for the TTR women's ranking, with the women's TTR world champion decided there. Wikipedia dates the event to the 2004-05 season.",https://en.wikipedia.org/wiki/Chicken_Jam | https://www.worldsnowboardfederation.org/ttr-women-tour-announced/ | https://coolerlifestyle.com/news/everything-you-wanted-to-know-about-the-ttr-but-were-afraid-to-ask.html,likely,world-tours
shakedown-snowboard-games,Shakedown,Empire Shakedown | Ride Shakedown | The Original Snowboard Games,major-contest,independent,2002,2015,defunct,Mont Saint-Sauveur,Canada,north-america,slopestyle | big-air | rail-jam | jib,"Founded in 2002 by Brendan O'Dowd and Patryck Bernier at Mont Saint-Sauveur in the Laurentians, explicitly to fill the gap left by the end of the WestBeach Classic. Jam format scored 50/50 between big air and street/rail, with riders calling tricks in advance and no repeats. 6,000 spectators and a $10,000 winner-take-all purse in year one, later 25,000 spectators and $50,000 across the top ten; broadcast on TSN, RDS and TVA Sports. Seb Toutant won the pro category here in 2006 at age 13. Empire was title sponsor 2002-2008, Ride Snowboards from 2009, under which the event expanded to the USA (2010) and Europe (2011).",https://en.wikipedia.org/wiki/Shakedown_(Snowboard_Games) | https://kingsnowboard.com/blogs/uncategorized/timepiece-shakedown | https://www.snowboardquebec.com/histoire/,verified,canada
showcase-showdown,Showcase Showdown,,grassroots-contest,independent,1997,,active,Whistler Blackcomb,Canada,north-america,big-air | halfpipe | rail-jam,"Shop contest started by Showcase Snowboards in Whistler Village (opened 1989 as Showcase Tennis, later the largest Burton dealer in North America) and billed as Canada's longest-running snowboard competition. Held on Blackcomb; by the 2010s a big air with a $10,000 pro men's purse plus a berth in the WSSF Monster Energy Shred Show, with a junior rail jam added in 2015.",https://www.whistlerblackcomb.com/explore-the-resort/discover/whistler-blackcomb-60-anniversary.aspx | https://snowboardmag.com/news/whistler-blackcombs-18th-annual-showcase-showdown-returns-march-14 | https://whistlermuseum.org/2023/03/07/selling-snowboards/ | https://www.straight.com/life/402596/showcase-showdown-and-whistler-ski-and-snowboard-fest-go-far-beyond-rock-n-snow,likely,canada
sidesurfers-banked-slalom,Sidesurfers Banked Slalom,,grassroots-contest,independent,,,active,Sugarbush Resort,USA,north-america,banked-slalom,Vermont banked slalom at Sugarbush. The 2026 edition is listed for March 21.,https://localfreshies.com/banked-slalom-event-showcase/,likely,us-grassroots
slash-the-mass-banked-slalom,Slash the Mass Banked Slalom,,grassroots-contest,independent,,,active,Snowmass,USA,north-america,banked-slalom,"Snowboard-only banked slalom at Snowmass, Colorado, run by Aspen Snowmass with age divisions from 12-and-under to 40-plus plus Open/Pro men and women. The edition listed on the resort's site is billed as the 12th annual and was cancelled for snow conditions; the year of that edition is not stated on the page.",https://www.aspensnowmass.com/visit/events/slash-the-mass-banked-slalom,likely,us-grassroots
snoboard-shop-north-american-championships,The Snoboard Shop North American Snowboarding Championships,North American Snowboarding Championships,legacy-contest,independent,1985,1988,defunct,,Canada,north-america,other,"The first Canadian snowboard contest of any scale, run by Ken Achenbach out of The Snoboard Shop in Calgary - the world's first snowboard-only shop. Held on the May long weekend at Sunshine Village in Banff with a $20,000 purse, it was one of the most important early North American contests; a photo of Dave Achenbach from the event ran on the cover of the first issue of TransWorld Snowboarding. Sunshine pulled out mid-season in 1988 and Mt Norquay took the event over, putting Norquay on the TransWorld cover. Disciplines run each year were not sourced.",https://www.snowboardquebec.com/histoire/ | https://kootenaymountainculture.com/meet-the-men-who-brought-snowboarding-to-canada/ | https://banffnorquay.com/blog/lift-lines-humans-of-norquay-a-hill-makes-space-for-snowboarding/ | https://www.snowboarder.com/snowboarders/fathers-of-snowboarding-ken-achenbach,likely,canada
snowboard-jamboree,Snowboard Jamboree,Stoneham Snowboard Jamboree | Quebec City Snowboard Jamboree,major-contest,FIS,2006,,unconfirmed,,Canada,north-america,big-air | slopestyle | halfpipe,"Quebec's flagship freestyle snowboard festival, produced by Gestev and split between Stoneham Mountain Resort and a downtown Quebec City big air site (Ilot Fleurie). It carried FIS Snowboard World Cups and, from 2014, 5-star World Snowboard Tour status; the 2014 edition was billed as the 9th Jamboree and the 15th World Cup held in Quebec. It hosted the 2013 FIS Snowboarding World Championships and moved to an all-urban big air format in 2016. Whether it has run since 2019 was not established.",https://www.skicanada.org/snowboard-world-cup-returns-stoneham-quebec-city/ | https://www.skicanada.org/stoneham-snowboard-jamboree-now-world-cup-event/ | https://snowboardmag.com/news/quebec-city-snowboard-jamboree-festival-back-for-10th-edition | https://www.snowboardquebec.com/2014/snowboard-jamboree/ | https://www.firsttracksonline.com/2015/10/01/quebecs-world-cup-jamboree-goes-urban/,verified,canada
snowboard-masters-japan,SNOWBOARD MASTERS,SBM,grassroots-contest,independent,,,active,,Japan,japan,banked-slalom | slalom | other,"Japanese mass-participation contest normally judged on freeride performance plus an obstacle slalom, open to Japan-resident riders aged 18 and over with reduced entry for JSBA and PSA members. In 2024 it ran instead as SBM BANKED+, a straight banked slalom, because conditions prevented building the usual courses.",https://steep.jp/en/custom/sbmbanked/,likely,intl-other
snowboard-world-cup-pre-fis,Snowboard World Cup (pre-FIS),,tour-series,"NASBA / Snowboard European Association, later ISF",1987,,defunct,,multiple,global,halfpipe | slalom | giant-slalom,"The first international snowboard tour, created when NASBA (formed 8 March 1987) partnered with the Snowboard European Association to merge the rival American and European world championships into one circuit. Multiple accounts say the first season ran two events in the United States and two in Europe, with O'Neill, Suzuki and Swatch as sponsors. Later absorbed into the ISF World Tour.",https://www.snowboarder.com/news/snowboard-history-timeline-part-21980s | https://www.carvers.it/storia-inglese/ | https://snowbrains.com/snowboarding-pioneer-paul-alden-dies-aged-89/ | https://www.tetonvalleynews.net/townnews/sport/a-founding-figure-of-organized-competitive-snowboarding-has-passed/article_db455d7f-ed68-46f1-a971-050e55e36410.amp.html,likely,legacy-80s-90s
speed-nation-alpine-tour,Speed Nation Alpine Tour,Sport Chek Speed Nation Alpine Tour,tour-series,Canada Snowboard,,,active,,Canada,north-america,parallel-giant-slalom | parallel-slalom,"Canada Snowboard's national alpine (racing) tour. Recurring stops have included Le Relais at Lac-Beauport, Toronto Ski Club at Collingwood, Alpine Ski Club and Blue Mountain, with Blue Mountain hosting the alpine national championship in 2018 and 2019.",https://www.canadasnowboard.ca/en/events/ | https://www.canadasnowboard.ca/en/news/?id=1213 | https://www.canadasnowboard.ca/en/news/?id=1259,verified,canada
speed-nation-sbx-tour,Speed Nation Snowboardcross Tour,Sport Chek Speed Nation Snowboardcross Tour,tour-series,Canada Snowboard,,,active,,Canada,north-america,boardercross,"Canada Snowboard's national snowboardcross tour. Recurring stops have included Big White, Panorama, Sun Peaks, Craigleith, Horseshoe Valley, Mont Orignal and Mont Sainte-Anne, with a stop designated as the Canadian snowboardcross championship.",https://www.canadasnowboard.ca/en/events/sbxtour/ | https://www.canadasnowboard.ca/en/news/?id=1213 | https://www.canadasnowboard.ca/en/news/?id=1259,verified,canada
spring-battle,Spring Battle,Absolut Park Spring Battle,major-contest,independent,2002,,active,"Absolut Park, Flachauwinkl",Austria,europe,slopestyle | rail-jam,"Spring park contest at Absolut Park Flachauwinkl, running since 2002 per the organiser's own site. Originally a Swatch TTR event; by 2025 a WSF Elite Level Event feeding the World Snowboard Points List, judged from multi-day single-take follow-cam footage rather than live runs.",https://www.absolutpark.com/en/spring-battle-25/ | https://onboardmag.com/news/snowboarding-events/absolut-park-spring-battle-2007-snowboard.html,likely,intl-other
stylewars-australia,StyleWars,Oakley StyleWars,major-contest,independent,,,unconfirmed,"Falls Creek, Victoria",Australia,oceania,slopestyle | rail-jam,"Australia's biggest Swatch TTR tour event, founded and run by Richard Hegarty at Falls Creek in Victoria. Rated 3-Star in 2007 and 4-Star by 2008-2011; in 2011 the organiser referred to 'the past 10 years running', implying a start around 2001-2002. Sebastien Toutant's 2009 win here made him the youngest rider to top the TTR ranking.",https://www.worldsnowboardfederation.org/events-in-australia/ | https://www.worldsnowboardfederation.org/stylewars-2011-australia/ | https://www.worldsnowboardfederation.org/?s=Stylewars,likely,intl-other
sugarloaf-banked-slalom,Sugarloaf Banked Slalom,,grassroots-contest,independent,,,active,Sugarloaf,USA,north-america,banked-slalom,"Maine banked slalom at Sugarloaf, also referred to as the Mike Baker Banked Slalom. The 2026 edition is listed for March 21.",https://localfreshies.com/banked-slalom-event-showcase/,likely,us-grassroots
suomi-tour,Suomi Tour,,tour-series,Finnish Snowboard Association (FSA),,,unconfirmed,,Finland,europe,slopestyle | halfpipe,"The Finnish Snowboard Association's national contest tour, with Grom, Rookie and Open divisions plus a Burton Riglet park and coaching for first-time competitors. The tour's regional stops culminate in the Finnish national championships (SM) at Ruka.",https://www.worldsnowboardfederation.org/suomi-tour-finland/,likely,intl-other
swiss-snowboard-championships,Swiss Snowboard Championships,,national-championship,Swiss-Ski,1986,,unconfirmed,St. Moritz,Switzerland,europe,slopestyle | halfpipe | boardercross | other,"Switzerland's national snowboard titles in freestyle, boardercross and race, run at the end of the Swiss-Ski Audi Snowboard Series season at rotating venues.",https://www.worldsnowboardfederation.org/audi-snowboard-series/ | https://www.carvers.it/storia-inglese/,likely,intl-other + legacy-80s-90s
tenjin-banked-slalom,Tenjin Banked Slalom,,grassroots-contest,independent,2012,,unconfirmed,Tanigawadake Tenjindaira Ski Resort,Japan,japan,banked-slalom,"Mt Baker-inspired banked slalom on Mt Tanigawa above Minakami, Gunma, reached by tram and organised by former pro rider Yosuke Nishida of the TJ brand. First run in 2012; by 2017 it drew over 400 people across two days and opened with a ceremony praying for safety on an avalanche-prone mountain.",https://www.worldsnowboardfederation.org/wsf-support-banked-slalom-all-around/ | https://www.worldsnowboardfederation.org/2015-tenjin-banked-slalom/ | https://www.worldsnowboardfederation.org/photogallery-and-results-from-2016-tenjin-banked-slalom/ | https://www.worldsnowboardfederation.org/tenjin-banked-slalom-2017/,verified,intl-other
the-arctic-challenge,The Arctic Challenge,Oakley Arctic Challenge,major-contest,independent,1999,2014,dormant,,Norway,europe,halfpipe | quarterpipe | slopestyle | freeride | other,"Founded in 1999 by Norwegian pros Terje Haakonsen and Daniel Franck as a rider-run alternative to contests they saw as shaped by TV coverage and major sponsors. It ran at locations north of the Arctic Circle in its early years before moving to the Oslo area from 2006. It was one of the events the TTR tour was built around and was the only 6Star-rated event owned by a professional rider, with a USD 100,000 purse and 1000 TTR points to the winner. Terje set a quarterpipe air record of 9.8 m above the lip at the 2007 edition, beating Heikki Sorsa's 9.3 m from 2001.",https://en.wikipedia.org/wiki/Arctic_Challenge | https://www.the-house.com/portal/the-history-of-the-oakley-arctic-challenge/ | https://www.the-arctic-challenge.com/ | https://whitelines.com/archive/news/terje-haakonsen-releases-new-statement-on-the-arctic-challenge.html,verified,world-tours
the-brits,The BRITS,British Snowboard Championships | British Snowboard and Freeski Championships,national-championship,independent,1990,,active,,United Kingdom,europe,slopestyle | halfpipe | big-air | boardercross | banked-slalom | rail-jam,"Britain's national snowboard championships, founded in 1990 and described by the World Snowboard Federation as Europe's longest established winter snowsports festival (20th birthday in 2009). Started in Scotland, spent roughly three decades at Alpine host resorts including Laax, and returned to Cairngorm in 2023 for the first time in 32 years. Now run alongside the British Freeski Championships.",https://planetski.eu/2023/02/02/the-brits-heads-back-to-its-roots-in-scotland/ | https://www.worldsnowboardfederation.org/news/the-brits-2009-in-laax/,verified,intl-other
toyota-big-air,Toyota Big Air,,major-contest,independent,1997,2014,defunct,Sapporo,Japan,japan,big-air,"Long-running Japanese stadium big air, 18 editions from 1997 to 2014, normally held around 11 February and shifted to late January or late February in Olympic years. Held at the Makomanai open-air stadium in Sapporo (branded Makomanai Sekisui Heim Stadium from 2007) for its first 15 editions, then moved indoors to the Sapporo Dome from 2012 with a 36 m temporary in-run scaffold. The organising office announced on 30 September 2014 that the event would not continue after the 18th edition.",https://en.wikipedia.org/wiki/Toyota_Big_Air | https://ja.wikipedia.org/wiki/TOYOTA_BIG_AIR,verified,world-tours
transworld-team-challenge,TransWorld Team Challenge,TransWorld Team Shoot Out,grassroots-contest,independent,1999,,defunct,Snow Summit,USA,north-america,team,"Team-format contest launched by TransWorld SNOWboarding at Snow Summit, California in 1999 and won by the Atlantis team; TransWorld says it ran for ten years before becoming the Team Shoot Out.",https://www.snowboarder.com/news/three-decades-transworld-snowboarding-part-2-1997-2006,likely,us-grassroots
transworld-transam,TransWorld TransAm,,tour-series,independent,2003,,defunct,,USA,north-america,,"TransWorld SNOWboarding's travelling American amateur contest series, launched in 2003 and run for 13 seasons. TransWorld names Lucas Magoon, Chas Guldemond, Gabi Viteri and Matt Ladley among its winners. Stops, disciplines and per-year dates were not sourced in this pass.",https://www.snowboarder.com/news/three-decades-transworld-snowboarding-part-2-1997-2006,likely,us-grassroots
ttr-world-snowboard-tour,TTR World Snowboard Tour,Ticket to Ride (TTR) Tour | Swatch TTR World Snowboard Tour | World Snowboard Tour,tour-series,TTR Pro Snowboarding,2002,2017,defunct,,multiple,global,halfpipe | slopestyle | big-air | quarterpipe,"Rider- and brand-founded independent world tour set up in 2002 by Terje Haakonsen, event organisers and brand representatives to link the leading independent snowboard contests after the International Snowboarding Federation collapsed the same year. It ranked events on a 1-to-6 star scale that set the points on offer: a 6Star win paid 1000 points, 5Star 850, 4Star 500, 3Star 400, 2Star 200 and 1Star 100, with riders needing six counting scores and the season ranking taken as the average of those six. A women's tour was added for the 2006/07 season. From the 2013/14 season the six star tiers were replaced by four categories - Regional, National, International and Elite. The TTR name was dropped for 'World Snowboard Tour' from the 2012/13 season, and the tour brand ceased to exist when TTR Pro Snowboarding and the World Snowboard Federation merged into a single organisation, announced 25 May 2017 and legally completed at an Extraordinary General Assembly in Zurich in October 2017; the merged body offered direct membership from the 2017/18 season instead of running the tour.",https://www.worldsnowboardfederation.org/inside-wsf/history/ | https://de.wikipedia.org/wiki/TTR_World_Snowboard_Tour | https://coolerlifestyle.com/news/everything-you-wanted-to-know-about-the-ttr-but-were-afraid-to-ask.html | https://whitelines.com/archive/news/ttr-rebrands-to-world-snowboard-tour.html | https://www.worldsnowboardfederation.org/news/ttr-world-tour-becomes-world-snowboard-tour/ | https://www.sgieurope.com/world-snowboarding-will-replace-the-world-snowboard-tour/60795.article | https://www.worldsnowboardfederation.org/ttr-pro-snowboarding-and-world-snowboard-federation-create-one-joint-organisation/ | https://www.worldsnowboardfederation.org/ttr-women-tour-announced/,verified,world-tours
us-open-snowboarding,Burton US Open Snowboarding Championships,National Snowsurfing Championships | National Snowboarding Championships | US Open Snowboarding Championships,major-contest,brand-run,1982,2020,dormant,,USA,north-america,slalom | downhill | halfpipe | superpipe | quarterpipe | slopestyle | big-air | boardercross | rail-jam | other,"The longest-running snowboard contest in the sport and the flagship of Burton's contest programme. Burton's own history page dates the lineage to the 1982 National Snowsurfing Championships at Suicide Six, Vermont; other archives treat that Paul Graves event as a separate contest and date the US Open lineage to Jake Burton Carpenter's 1983 National Snowboarding Championships at Snow Valley, Vermont. The event took the US Open name at Stratton Mountain in 1985, ran there through 2012, moved to Vail in 2013, and was last held in 2020; the 2021 edition was cancelled and Vail confirmed it would not return.",https://events.burton.com/burton-us-open/history/ | https://www.aspentimes.com/sports/from-vermont-to-vail-a-look-back-at-the-36-year-history-of-the-burton-u-s-open-returning-march-5-10/ | https://www.burton.com/en-us/blogs/the-burton-blog/13-firsts-us-open-snowboarding-championships | https://thesnowpros.org/2024/09/from-the-archives-great-moments-in-snowboarding-history-part-2/ | https://www.firsttracksonline.com/2002/03/03/the-u-s-open-snowboarding-championships-back-to-where-it-all-began/ | https://www.vaildaily.com/news/is-vails-burton-us-open-competition-gone-for-good/ | http://www.snowboardinginsouthernvermont.com/woodstock-1982.html | https://www.snurferboy.com/nationalchampionship | https://www.snowboarder.com/news/snowboard-history-timeline-part-21980s,verified,burton-opens + legacy-80s-90s
us-snowboarding-grand-prix,Toyota U.S. Grand Prix,U.S. Snowboarding Grand Prix | Chevrolet U.S. Snowboarding Grand Prix | Sprint U.S. Snowboarding Grand Prix,tour-series,FIS,1996,,active,,USA,north-america,halfpipe | superpipe | slopestyle | big-air,U.S. Ski & Snowboard's domestic halfpipe (later halfpipe and slopestyle) series and the official qualifying series for the U.S. Olympic snowboard team. Founded 1996; described by U.S. Snowboarding as the first domestic competition series to offer equal prize money to men and women. Now run as FIS World Cup stops under Toyota title sponsorship.,https://en.wikipedia.org/wiki/U.S._Snowboarding_Grand_Prix | https://www.aspensnowmass.com/visit/events/toyota-us-grand-prix | https://www.fis-ski.com/snowboard-park-and-pipe/news/2021-22/toyota-us-grand-prix-halfpipe-world-cup-at-copper-mountain-snowboard,verified,xgames-dewtour
usasa-national-championships,USASA National Championships,United States Amateur Snowboarding Association National Championships,national-championship,USASA,1990,,active,Copper Mountain,USA,north-america,halfpipe | slopestyle | boardercross | giant-slalom | slalom | rail-jam,"The season-ending national championships of USASA, the American grassroots amateur snowboard (and, since 2011, freeski) association founded in 1988 by Chuck Allen with $500 of seed money from TransWorld SNOWboarding. The first Nationals were held in 1990; early editions moved between small mountains in Vermont and Maine and hills in Oregon and California, and Copper Mountain, Colorado has been the permanent home since 2008. Athletes qualify through regional series. USASA states nearly all of the U.S. Olympic snowboard and freeski team began in its events.",https://usasa.org/about-us/history/ | https://usasa.org/national-championships/ | https://www.townoffrisco.com/event/copper-mountain-events/usasa-snowboard-national-championships/ | https://www.snowboarder.com/news/snowboard-history-timeline-part-21980s | https://www.snowboarder.com/news/snowboard-history-timeline-part-31990s,verified,us-grassroots + legacy-80s-90s
usasa-regional-series,USASA Regional Series,,tour-series,USASA,,,active,,USA,north-america,halfpipe | slopestyle | boardercross | giant-slalom | slalom | rail-jam,"The regional competition structure that feeds the USASA National Championships. USASA groups 32 local divisions nationwide into five regional series - Rockies (Utah, Arizona, Colorado, New Mexico), Western (Alaska, Mt. Hood area of Oregon, Lake Tahoe), Central (Great Lakes), Eastern (New York and the Adirondacks) and New England. Each local division runs its own season of events; this is the layer at which most American amateur snowboarders actually competed.",https://usasa.org/regional/ | https://www.townoffrisco.com/event/copper-mountain-events/usasa-snowboard-national-championships/,verified,us-grassroots
vans-triple-crown-of-snowboarding,Vans Triple Crown of Snowboarding,,tour-series,brand-run,,,defunct,,United States,north-america,halfpipe | big-air | boardercross,"Vans-run three-stop North American tour with an overall men's and women's title decided across the series. The 1999/2000 season ran boardercross, big air and halfpipe at Breckenridge, snowboard cross and halfpipe at Mount Seymour in British Columbia, and halfpipe at Sierra-at-Tahoe, with a USD 10,000 overall prize.",https://www.mountainzone.com/snowboarding/2000/vans/index.html | https://www.mountainzone.com/snowboarding/2000/vans/breckenridge/,likely,world-tours
waengl-taengl,Vans Waengl Taengl,Aesthetiker Waengl Taengl,legacy-contest,independent,2002,,dormant,"Mayrhofen, Zillertal",Austria,europe,team | slopestyle,"Week-long team-based snowboard 'contest-ival' in Mayrhofen run by the Austrian Aesthetiker crew, blending a team snowboard contest with team skate, music and art. The World Snowboard Federation gives 2002 as the founding year and 2012 as the tenth-anniversary edition. The Aesthetiker announced a break for 2013 to rework the format.",https://www.vice.com/de/article/waengl-taengl-ueberrollt-mayrhofen/ | https://www.worldsnowboardfederation.org/news/the-asthetikers-announce-a-break-from-the-wangl-tangl-in-2013/,likely,intl-other
westbeach-classic,WestBeach Classic,WestBeach Invitational | WestBeach Snowboard Classic,legacy-contest,brand-run,1989,2000,defunct,Whistler Blackcomb,Canada,north-america,halfpipe | big-air,"The defining Canadian spring snowboard contest of the late 1980s and 1990s, sponsored by Vancouver brand WestBeach and produced by The Masters Group. Ross Rebagliati won the 1989 halfpipe and landed the cover of TransWorld Snowboarding. It was folded into the World Ski & Snowboard Festival from the mid-1990s; the 1997 WestBeach Invitational Big Air drew over 8,000 spectators at the base of Whistler Mountain. Moved to the May long weekend in 2000 and was not held in 2001 after WestBeach redirected its funding to the World Snowboarding Championship.",https://www.piquenewsmagazine.com/local-sports/westbeach-classic-not-on-2459602 | https://whistlermuseum.org/2024/04/09/wssf-the-beginning/ | https://www.whistlerblackcomb.com/explore-the-resort/discover/whistler-blackcomb-60-anniversary.aspx | https://parrot-point-8fe3.squarespace.com/stories/pipe-dreams,verified,canada
whistler-blackcomb-fis-snowboard-world-cup,FIS Snowboard World Cup - Whistler Blackcomb,,tour-stop,FIS,,,unconfirmed,Whistler Blackcomb,Canada,north-america,boardercross | halfpipe | big-air | parallel-giant-slalom | slopestyle,"Whistler Blackcomb's international race stop. A December 2001 World Cup ran snowboard cross, two halfpipes, alpine and big air over six days. Whistler Blackcomb also staged the 2005 FIS Snowboarding World Championships (16-22 January 2005), the first time that championship was held outside Europe, and continues to host FIS-level slopestyle competitions.",https://www.piquenewsmagazine.com/local-sports/whistler-the-year-in-sports-2461092 | https://en.wikipedia.org/wiki/FIS_Snowboarding_World_Championships_2005 | https://www.fis-ski.com/DB/general/event-details.html?sectorcode=SB&eventid=55267&seasoncode=2024,likely,canada
winsport-calgary-world-cup,WinSport Canada Olympic Park FIS World Cup (Calgary),Halfpipe Rodeo FIS Ski & Snowboard World Cup,tour-stop,FIS,,,active,WinSport Canada Olympic Park,Canada,north-america,halfpipe | slopestyle,"Calgary's World Cup stop on the 1988 Olympic site, run on WinSport's 22-foot halfpipe and slopestyle course. Branded the Halfpipe Rodeo in 2019. The same venue hosts Canada Snowboard's Air Nation halfpipe national championship and hosted snowboarding at the 2019 Canada Winter Games.",https://www.canadasnowboard.ca/en/news/?id=1256 | https://www.canadasnowboard.ca/en/news/?id=1259 | https://olympic.ca/2019/10/24/winter-competitions-coming-to-canada-in-2019-20/ | https://www.canadasnowboard.ca/en/events/freestyletour/nationalsfree/,verified,canada
winter-dew-tour,Winter Dew Tour,AST Dew Tour (winter) | Winter Dew Tour presented by Toyota,tour-series,brand-run,2008,2024,defunct,,USA,north-america,superpipe | slopestyle | jib | team | other,"Mountain Dew-backed, NBC-broadcast winter park-and-pipe tour launched for the 2008-09 season with three stops. Reduced to a single mountain championship from the 2012-13 season. Based at Breckenridge for eleven editions (2008-2018), then Copper Mountain (2020-2024). Served as a US Ski & Snowboard Olympic qualifying event in several seasons. Discontinued after the March 2024 edition.","https://en.wikipedia.org/wiki/Dew_Tour | https://news.vailresorts.com/2008-11-21-WINTER-DEW-TOUR-TO-VISIT-BRECKENRIDGE-RESORT,-DEC-18-21 | https://news.vailresorts.com/2018-06-07-Winter-Dew-Tour-Returns-to-Breckenridge-December-13-16,-2018 | https://www.mensjournal.com/adventure/winter-dew-tour-heads-to-copper-mountain-colorado-february-6-9-2020/",verified,xgames-dewtour
winter-games-nz,Winter Games NZ,New Zealand Winter Games | 100% Pure New Zealand Winter Games,major-contest,independent (Winter Games NZ Trust),2009,2024,defunct,,New Zealand,oceania,halfpipe | slopestyle | big-air,"The Southern Hemisphere's largest snow sports event, staged in the Southern Lakes district around Wanaka and Queenstown. Biennial from 2009 to 2017, annual from 2018; 11 editions in total. Over its life it hosted 23 FIS Snowboard World Cups and 20 FIS Freeski World Cups plus ANC Cups, Freeride World Qualifiers and FIS Junior World Championships, and from 2020 added the athlete-focused Obsidian team format. Wound up on 23 January 2025, the trust citing event delivery costs, the NZ sponsorship and media market, international federation sanctioning fees and prize money indexed to European currencies.",https://planetski.eu/2025/01/23/winter-games-nz-ends/ | https://www.wintergamesnz.kiwi/about-1 | https://en.wikipedia.org/wiki/New_Zealand_Winter_Games,verified,intl-other
winter-x-games,Winter X Games (Aspen),Winter X Games | X Games Aspen,major-contest,ESPN,1997,,active,"Buttermilk Mountain, Aspen",USA,north-america,halfpipe | superpipe | slopestyle | big-air | boardercross | jib | rail-jam | dual-slalom | other,"ESPN's made-for-broadcast winter contest, first held 1997 at Big Bear Lake, California. Moved to Crested Butte (1998-99) and Mount Snow (2000-01) before settling at Buttermilk Mountain in Aspen from 2002 onward. Introduced the superpipe format to snowboard contests and, from 2019, the Knuckle Huck.",https://en.wikipedia.org/wiki/X_Games | https://snowboardmag.com/stories/history-winter-x-games-part-1 | https://www.aspendailynews.com/winter-x-games-a-brief-history/article_3459d151-30c8-5345-a0a9-2837bdfe8211.html | https://www.xgames.com/past-events/,verified,xgames-dewtour
winter-x-games-europe,Winter X Games Europe,X Games Tignes,major-contest,ESPN,2010,2013,defunct,Tignes,France,europe,superpipe | slopestyle,"First X Games competition held outside the United States. Run at Tignes, France for four editions (2010-2013), then cut when ESPN scaled back its international X Games expansion.",https://en.wikipedia.org/wiki/Winter_X_Games_Europe | https://www.downdays.eu/events/behind-the-scenes/a-brief-history-of-the-x-games-in-europe/ | https://en.wikipedia.org/wiki/Winter_X_Games_XVII,verified,xgames-dewtour
winter-youth-olympic-snowboarding,Snowboarding at the Winter Youth Olympic Games,,major-contest,IOC (sport governed at the Games by FIS),2012,,active,,multiple,global,halfpipe | slopestyle | boardercross | big-air | team,"Snowboarding has been on the programme since the first Winter Youth Olympic Games at Innsbruck in 2012 (halfpipe and slopestyle only), growing to nine events at Gangwon 2024. RESULTS ARCHIVE for a later pass: Olympedia per-Games event index at https://www.olympedia.org/editions/70/sports/SBD (Lausanne 2020) and https://www.olympedia.org/editions/73/sports/SBD (Gangwon 2024); 2012 and 2016 Olympedia edition ids not yet located - see open_questions.",http://www.olympedia.org/definitions/70 | https://www.olympedia.org/editions/70/sports/SBD | https://www.olympedia.org/editions/73/sports/SBD,verified,olympics-fis
world-rookie-finals,World Rookie Finals,Völkl World Rookie Finals | World Rookie Snowboard Finals,major-contest,World Snowboard Federation / Black Yeti,,,active,,multiple,europe,slopestyle | halfpipe | big-air,"Season-closing event of the World Rookie Tour, held in an Alpine resort in spring, where the World Rookie Champion titles are awarded in the Rookie and Grom divisions. It carried a 3Star TTR rating in 2015. Host resorts have included Ischgl (2015) and Kitzsteinhorn (2025).",https://www.worldrookietour.com/the-tour/ | https://www.worldsnowboardfederation.org/world-rookie-snowboard-finals-2025-2/ | https://www.worldsnowboardfederation.org/2017-world-rookie-finals-kitzsteinhorn-kaprun/ | https://www.worldsnowboardfederation.org/?s=Ischgl,likely,world-tours + intl-other
world-rookie-tour,World Rookie Tour,,tour-series,World Snowboard Federation / Black Yeti,,,active,,multiple,global,slopestyle | halfpipe | big-air | rail-jam,"Global youth freestyle tour organised by the World Snowboard Federation with national snowboard associations, feeding the World Rookie Ranking. Age divisions are Rookie (U18), Grom (U15) and Supergrom (U13); the ranking averages an athlete's three best results from Level 1-3 Star WSPL events. Stops are branded 'Rookie Fests' and are spread across Europe, South America, Australia and Japan, with the season closing at the World Rookie Finals. The Livigno World Rookie Fest, the tour's anchor stop, was in its 19th edition in 2024, which implies a first edition around 2006.",https://www.worldsnowboardfederation.org/wsf-projects/world-rookie-tour/ | https://www.worldrookietour.com/the-tour/ | https://www.worldsnowboardfederation.org/the-new-snowboard-generation-shines-at-livigno-world-rookie-fest-2024/,likely,world-tours
world-ski-snowboard-festival,World Ski & Snowboard Festival,TELUS World Ski & Snowboard Festival | TWSSF,major-contest,independent,1996,,active,Whistler Blackcomb,Canada,north-america,big-air | slopestyle | halfpipe | rail-jam | freeride | other,"Ten-day (later shortened) April festival in Whistler founded by Doug Perry in 1996, growing out of the 1994 World Technical Skiing Championships on Blackcomb. It absorbed the existing spring contests including the WestBeach Classic, the Whistler Cup and the Couloir Extreme, and became the umbrella under which most of Whistler's spring snowboard contests ran. A 2006 economic impact assessment put its activity at $37.7 million for British Columbia; 2007 attendance was reported at 275,000. Vail Resorts shortened the format after 2018; Gibbons Whistler took full ownership in November 2019.",https://whistlermuseum.org/2024/04/09/wssf-the-beginning/ | https://en.wikipedia.org/wiki/World_Ski_and_Snowboard_Festival | http://www.watermarkinc.ca/twssfmedia/timecapsule/backgrounder.html | https://wssf.com/ | https://www.whistlerblackcomb.com/explore-the-resort/discover/whistler-blackcomb-60-anniversary.aspx,verified,canada
world-snowboarding-championship-whistler,World Snowboarding Championship (Whistler),,major-contest,independent,2001,,unconfirmed,Whistler Blackcomb,Canada,north-america,superpipe | slopestyle | jib,"Independent Whistler championship produced by The Masters Group and backed by WestBeach Sports, which redirected its WestBeach Classic budget into it for 2001. Contested slopestyle, jib jam and superpipe over 19-22 April 2001. Distinct from the FIS Snowboarding World Championships. How many years it ran could not be established.",https://www.piquenewsmagazine.com/local-sports/westbeach-classic-not-on-2459602 | https://www.piquenewsmagazine.com/local-sports/whistler-the-year-in-sports-2461092,likely,canada
world-snowboarding-championships,World Snowboarding Championships,TTR World Snowboarding Championships | The World Championships of Snowboarding,major-contest,TTR / World Snowboard Federation,2012,,unconfirmed,,multiple,global,halfpipe | slopestyle,"Rider-side world championship developed and owned by TTR and the World Snowboard Federation, approved by unanimous vote at the TTR and WSF general assemblies in Barcelona in May 2010. The first edition, in Oslo in February 2012, was described as the first championships run by snowboarders since 1999; the 2011 Oakley Arctic Challenge was staged as its trial event. The local organising company Snowboard-VM 2012 AS was owned by The Arctic Challenge, the Norwegian Snowboard Federation and Oslo Vinterpark.",https://en.wikipedia.org/wiki/2012_World_Snowboarding_Championships | https://www.worldsnowboardfederation.org/the-oakley-arctic-challenge-announces-2011-rider-protocol/ | https://www.worldsnowboardfederation.org/ttr-world-snowboarding-championships-2012-highlights/ | https://www.worldsnowboardfederation.org/the-world-championships-of-snowboarding-2016-2/,verified,world-tours + intl-other
world-snowboarding-championships-sims,World Snowboarding Championships,Sims World Snowboarding Championships | Swatch World Championships,legacy-contest,brand-run,1983,,defunct,,USA,north-america,halfpipe | slalom | giant-slalom | downhill | mogul | other,"Founded by Tom Sims at Soda Springs, California, and the first snowboard contest to include a halfpipe. Sims registered the service mark WORLD SNOWBOARDING CHAMPIONSHIPS with the USPTO (reg. 1530152, filed 8 July 1987) claiming first use in commerce on 15 February 1983. The event moved to Breckenridge, Colorado for 1986 and 1987 and picked up Swatch as title sponsor; a rival European edition ran at Livigno and St Moritz in January 1987.",https://trademarks.justia.com/736/70/world-snowboarding-championships-73670866.html | https://www.snowboarder.com/transworld-snowboarding-archive/a-complete-history-of-the-snowboard-halfpipe | https://tahoequarterly.com/ski-ride-2016/rebels-with-a-cause | https://www.sierrasun.com/sports/soda-springs-goes-retro-for-tom-sims/ | https://www.skihall.com/hall-of-famers/tom-sims/ | https://snowbrains.com/snowboarding-pioneer-paul-alden-dies-aged-89/ | https://snowbrains.com/breckenridge-resort-co-marks-40-years-of-snowboarding-history-with-new-worlds-competition/,likely,legacy-80s-90s
wsf-south-america-tour,WSF South America Tour,,tour-series,WSF (World Snowboard Federation),,,unconfirmed,,multiple,south-america,slopestyle | big-air | rail-jam,"Southern-hemisphere winter circuit that gave South American riders TTR and WSF ranking points, running from an urban rail jam in Santiago through Valle Nevado and El Colorado to an indoor finale in Rio de Janeiro.",https://www.worldsnowboardfederation.org/winter-season-in-chile/,verified,intl-other
x-games-norway,X Games Norway,X Games Oslo,major-contest,ESPN,2016,2020,defunct,,Norway,europe,superpipe | slopestyle | big-air | other,"ESPN's Norwegian X Games, launched in Oslo in 2016 as the first X Games to stage summer and winter disciplines in one city. Alternated between Oslo (2016, 2018, 2019) and Hafjell (2017, 2020). The 2018 and 2019 Oslo editions were indoor big air held at Telenor Arena, Fornebu, in May and August respectively.",http://www.labelnetworks.com/x-games-oslo-to-launch-in-february-2016-bringing-together-both-summer-and-winter-sports/ | https://www.firsttracksonline.com/2015/11/09/x-games-expands-to-oslo/ | https://de.wikipedia.org/wiki/X-Games_Norway_2017 | https://www.hafjellresort.no/en/x-games | https://radseason.com/event/x-games-norway-fornebu-norway/ | https://en.wikipedia.org/wiki/X_Games,verified,xgames-dewtour
x-trail-jam,Nissan X-Trail Jam,X-Trail Jam in Tokyo Dome,major-contest,TTR,2001,,defunct,Tokyo Dome,Japan,japan,quarterpipe | big-air,"Indoor stadium contest launched in the Tokyo Dome in 2001, running a quarterpipe and a straight-jump (big air) event on real snow trucked into the baseball stadium. Reto Lamm - the first Air & Style winner and later TTR Pro Snowboarding president - is credited as president and main developer. It became a TTR 6Star event.",https://en.wikipedia.org/wiki/X-Trail_Jam | https://www.methodmag.com/industry-news/ttr-world-snowboard-tour-6-star-event-nissan-xt.html | https://snowboardnet.jp/x-trail-jam-in-tokyo-dome-3/ | https://backside.jp/news-1101/,likely,world-tours + intl-other
zillertal-valley-ralley,Zillertal Vaelley Raelley,,tour-series,independent (Blue Tomato / Zillertal Tourismus / Die Aesthetiker),2013,,active,,Austria,europe,slopestyle,"Zillertal-based slopestyle tour hosted by Blue Tomato with Zillertal Tourismus and the Aesthetiker snowboard club, feeding the World Snowboard Points List and the World Rookie Ranking. 2025/26 is its 13th season, which places the first season at 2013/14. Its Mayrhofen stop runs in the PenkenPark.",https://www.worldsnowboardfederation.org/zillertal-valley-ralley-announces-new-tour-dates-for-2025-2026/,likely,intl-other
